#
# There is insufficient memory for the Java Runtime Environment to continue.
# Native memory allocation (mmap) failed to map 155189248 bytes for G1 virtual space
# Possible reasons:
#   The system is out of physical RAM or swap space
#   The process is running with CompressedOops enabled, and the Java Heap may be blocking the growth of the native heap
# Possible solutions:
#   Reduce memory load on the system
#   Increase physical memory or swap space
#   Check if swap backing store is full
#   Decrease Java heap size (-Xmx/-Xms)
#   Decrease number of Java threads
#   Decrease Java thread stack sizes (-Xss)
#   Set larger code cache with -XX:ReservedCodeCacheSize=
#   JVM is running with Unscaled Compressed Oops mode in which the Java heap is
#     placed in the first 4GB address space. The Java Heap base address is the
#     maximum limit for the native heap growth. Please use -XX:HeapBaseMinAddress
#     to set the Java Heap base and to place the Java Heap above 4GB virtual address.
# This output file may be truncated or incomplete.
#
#  Out of Memory Error (os_windows.cpp:3771), pid=19420, tid=18512
#
# JRE version: OpenJDK Runtime Environment (17.0.7) (build 17.0.7+0-b2043.56-10550314)
# Java VM: OpenJDK 64-Bit Server VM (17.0.7+0-b2043.56-10550314, mixed mode, tiered, compressed oops, compressed class ptrs, g1 gc, windows-amd64)
# No core dump will be written. Minidumps are not enabled by default on client versions of Windows
#

---------------  S U M M A R Y ------------

Command Line: --add-opens=java.base/java.util=ALL-UNNAMED --add-opens=java.base/java.lang=ALL-UNNAMED --add-opens=java.base/java.lang.invoke=ALL-UNNAMED --add-opens=java.prefs/java.util.prefs=ALL-UNNAMED --add-opens=java.base/java.nio.charset=ALL-UNNAMED --add-opens=java.base/java.net=ALL-UNNAMED --add-opens=java.base/java.util.concurrent.atomic=ALL-UNNAMED -Xmx2048m -Dfile.encoding=UTF-8 -Duser.country=US -Duser.language=en -Duser.variant -javaagent:C:\Users\Minha Rehman\.gradle\wrapper\dists\gradle-8.2-bin\bbg7u40eoinfdyxsxr3z4i7ta\gradle-8.2\lib\agents\gradle-instrumentation-agent-8.2.jar org.gradle.launcher.daemon.bootstrap.GradleDaemon 8.2

Host: 11th Gen Intel(R) Core(TM) i5-1135G7 @ 2.40GHz, 8 cores, 7G,  Windows 11 , 64 bit Build 22621 (10.0.22621.2506)
Time: Mon Feb 12 21:37:28 2024 Pakistan Standard Time elapsed time: 12.497519 seconds (0d 0h 0m 12s)

---------------  T H R E A D  ---------------

Current thread (0x00000264ac5971e0):  VMThread "VM Thread" [stack: 0x000000f74cc00000,0x000000f74cd00000] [id=18512]

Stack: [0x000000f74cc00000,0x000000f74cd00000]
Native frames: (J=compiled Java code, j=interpreted, Vv=VM code, C=native code)
V  [jvm.dll+0x683bfa]
V  [jvm.dll+0x8430a4]
V  [jvm.dll+0x8449be]
V  [jvm.dll+0x845023]
V  [jvm.dll+0x24ad2f]
V  [jvm.dll+0x680ac9]
V  [jvm.dll+0x67519a]
V  [jvm.dll+0x30b3cb]
V  [jvm.dll+0x312876]
V  [jvm.dll+0x36221e]
V  [jvm.dll+0x36244f]
V  [jvm.dll+0x2e14a8]
V  [jvm.dll+0x2df684]
V  [jvm.dll+0x2dec8c]
V  [jvm.dll+0x32382b]
V  [jvm.dll+0x8496eb]
V  [jvm.dll+0x84a424]
V  [jvm.dll+0x84a93d]
V  [jvm.dll+0x84ad14]
V  [jvm.dll+0x84ade0]
V  [jvm.dll+0x7f2aea]
V  [jvm.dll+0x682a35]
C  [ucrtbase.dll+0x29363]
C  [KERNEL32.DLL+0x1257d]
C  [ntdll.dll+0x5aa58]

VM_Operation (0x000000f74eefec00): G1CollectForAllocation, mode: safepoint, requested by thread 0x00000264b1f3bed0


---------------  P R O C E S S  ---------------

Threads class SMR info:
_java_thread_list=0x00000264b2ee2890, length=65, elements={
0x0000026490dd7880, 0x00000264ac597b00, 0x00000264b1030500, 0x00000264b105e9a0,
0x00000264b105fa70, 0x00000264b1062440, 0x00000264b1064d10, 0x00000264b10659b0,
0x00000264b1066360, 0x00000264b107f660, 0x00000264b116fec0, 0x00000264b12fedd0,
0x00000264b31825d0, 0x00000264b24cb990, 0x00000264b2a1b8a0, 0x00000264b23c46a0,
0x00000264b1f3b530, 0x00000264b1f3c870, 0x00000264b1f3dbb0, 0x00000264b1f3ea20,
0x00000264b1f3e080, 0x00000264b1f3ba00, 0x00000264b1f3b060, 0x00000264b1f3d210,
0x00000264b1f3bed0, 0x00000264b1f3d6e0, 0x00000264b1f3e550, 0x00000264b470a920,
0x00000264b470b2c0, 0x00000264b4709110, 0x00000264b4705750, 0x00000264b4707430,
0x00000264b470b790, 0x00000264b4703f40, 0x00000264b4706f60, 0x00000264b4705c20,
0x00000264b4707dd0, 0x00000264b47065c0, 0x00000264b4708c40, 0x00000264b47095e0,
0x00000264b47060f0, 0x00000264b47082a0, 0x00000264b4705280, 0x00000264b4708770,
0x00000264b63a30f0, 0x00000264b63a0a70, 0x00000264b63a00d0, 0x00000264b63a7920,
0x00000264b63a05a0, 0x00000264b63a3a90, 0x00000264b63a2750, 0x00000264b63a2280,
0x00000264b63a3f60, 0x00000264b63a4dd0, 0x00000264b63a5770, 0x00000264b63a6110,
0x00000264b63a65e0, 0x00000264b63a6ab0, 0x00000264b550b210, 0x00000264b550bbb0,
0x00000264b550a3a0, 0x00000264b550a870, 0x00000264b5509ed0, 0x00000264b550b6e0,
0x00000264b5cf2b60
}

Java Threads: ( => current thread )
  0x0000026490dd7880 JavaThread "main" [_thread_blocked, id=12064, stack(0x000000f74c600000,0x000000f74c700000)]
  0x00000264ac597b00 JavaThread "Reference Handler" daemon [_thread_blocked, id=19092, stack(0x000000f74cd00000,0x000000f74ce00000)]
  0x00000264b1030500 JavaThread "Finalizer" daemon [_thread_blocked, id=6156, stack(0x000000f74ce00000,0x000000f74cf00000)]
  0x00000264b105e9a0 JavaThread "Signal Dispatcher" daemon [_thread_blocked, id=2580, stack(0x000000f74cf00000,0x000000f74d000000)]
  0x00000264b105fa70 JavaThread "Attach Listener" daemon [_thread_blocked, id=18608, stack(0x000000f74d000000,0x000000f74d100000)]
  0x00000264b1062440 JavaThread "Service Thread" daemon [_thread_blocked, id=7720, stack(0x000000f74d100000,0x000000f74d200000)]
  0x00000264b1064d10 JavaThread "Monitor Deflation Thread" daemon [_thread_blocked, id=15460, stack(0x000000f74d200000,0x000000f74d300000)]
  0x00000264b10659b0 JavaThread "C2 CompilerThread0" daemon [_thread_blocked, id=2708, stack(0x000000f74d300000,0x000000f74d400000)]
  0x00000264b1066360 JavaThread "C1 CompilerThread0" daemon [_thread_blocked, id=20136, stack(0x000000f74d400000,0x000000f74d500000)]
  0x00000264b107f660 JavaThread "Sweeper thread" daemon [_thread_blocked, id=15788, stack(0x000000f74d500000,0x000000f74d600000)]
  0x00000264b116fec0 JavaThread "Common-Cleaner" daemon [_thread_blocked, id=15828, stack(0x000000f74d600000,0x000000f74d700000)]
  0x00000264b12fedd0 JavaThread "Notification Thread" daemon [_thread_blocked, id=18624, stack(0x000000f74d700000,0x000000f74d800000)]
  0x00000264b31825d0 JavaThread "Daemon health stats" [_thread_blocked, id=13424, stack(0x000000f74df00000,0x000000f74e000000)]
  0x00000264b24cb990 JavaThread "Incoming local TCP Connector on port 50186" [_thread_in_native, id=17868, stack(0x000000f74e000000,0x000000f74e100000)]
  0x00000264b2a1b8a0 JavaThread "Daemon periodic checks" [_thread_blocked, id=15804, stack(0x000000f74e100000,0x000000f74e200000)]
  0x00000264b23c46a0 JavaThread "Daemon" [_thread_blocked, id=14536, stack(0x000000f74da00000,0x000000f74db00000)]
  0x00000264b1f3b530 JavaThread "Handler for socket connection from /127.0.0.1:50186 to /127.0.0.1:50187" [_thread_in_native, id=20264, stack(0x000000f74e200000,0x000000f74e300000)]
  0x00000264b1f3c870 JavaThread "Cancel handler" [_thread_blocked, id=10040, stack(0x000000f74e300000,0x000000f74e400000)]
  0x00000264b1f3dbb0 JavaThread "Daemon worker" [_thread_blocked, id=3728, stack(0x000000f74e400000,0x000000f74e500000)]
  0x00000264b1f3ea20 JavaThread "Asynchronous log dispatcher for DefaultDaemonConnection: socket connection from /127.0.0.1:50186 to /127.0.0.1:50187" [_thread_blocked, id=5292, stack(0x000000f74e500000,0x000000f74e600000)]
  0x00000264b1f3e080 JavaThread "Stdin handler" [_thread_blocked, id=18936, stack(0x000000f74e600000,0x000000f74e700000)]
  0x00000264b1f3ba00 JavaThread "Daemon client event forwarder" [_thread_blocked, id=15600, stack(0x000000f74e700000,0x000000f74e800000)]
  0x00000264b1f3b060 JavaThread "Cache worker for journal cache (C:\Users\Minha Rehman\.gradle\caches\journal-1)" [_thread_blocked, id=536, stack(0x000000f74ec00000,0x000000f74ed00000)]
  0x00000264b1f3d210 JavaThread "File lock request listener" [_thread_in_native, id=18844, stack(0x000000f74ed00000,0x000000f74ee00000)]
  0x00000264b1f3bed0 JavaThread "Cache worker for file hash cache (C:\Users\Minha Rehman\.gradle\caches\8.2\fileHashes)" [_thread_blocked, id=6716, stack(0x000000f74ee00000,0x000000f74ef00000)]
  0x00000264b1f3d6e0 JavaThread "File watcher server" daemon [_thread_in_native, id=19724, stack(0x000000f74f000000,0x000000f74f100000)]
  0x00000264b1f3e550 JavaThread "File watcher consumer" daemon [_thread_blocked, id=7076, stack(0x000000f74f100000,0x000000f74f200000)]
  0x00000264b470a920 JavaThread "jar transforms" [_thread_blocked, id=9820, stack(0x000000f74f200000,0x000000f74f300000)]
  0x00000264b470b2c0 JavaThread "jar transforms Thread 2" [_thread_blocked, id=15268, stack(0x000000f74f300000,0x000000f74f400000)]
  0x00000264b4709110 JavaThread "jar transforms Thread 3" [_thread_blocked, id=7884, stack(0x000000f74f400000,0x000000f74f500000)]
  0x00000264b4705750 JavaThread "jar transforms Thread 4" [_thread_blocked, id=9648, stack(0x000000f74f500000,0x000000f74f600000)]
  0x00000264b4707430 JavaThread "jar transforms Thread 5" [_thread_blocked, id=9624, stack(0x000000f74f600000,0x000000f74f700000)]
  0x00000264b470b790 JavaThread "jar transforms Thread 6" [_thread_blocked, id=19156, stack(0x000000f74f700000,0x000000f74f800000)]
  0x00000264b4703f40 JavaThread "jar transforms Thread 7" [_thread_blocked, id=10796, stack(0x000000f74f800000,0x000000f74f900000)]
  0x00000264b4706f60 JavaThread "jar transforms Thread 8" [_thread_blocked, id=1688, stack(0x000000f74f900000,0x000000f74fa00000)]
  0x00000264b4705c20 JavaThread "Cache worker for checksums cache (C:\Users\Minha Rehman\AndroidStudioProjects\Library\.gradle\8.2\checksums)" [_thread_blocked, id=4484, stack(0x000000f74fa00000,0x000000f74fb00000)]
  0x00000264b4707dd0 JavaThread "Cache worker for cache directory md-rule (C:\Users\Minha Rehman\.gradle\caches\8.2\md-rule)" [_thread_blocked, id=4520, stack(0x000000f74fb00000,0x000000f74fc00000)]
  0x00000264b47065c0 JavaThread "Cache worker for file content cache (C:\Users\Minha Rehman\.gradle\caches\8.2\fileContent)" [_thread_blocked, id=18520, stack(0x000000f74fc00000,0x000000f74fd00000)]
  0x00000264b4708c40 JavaThread "Cache worker for file hash cache (C:\Users\Minha Rehman\AndroidStudioProjects\Library\.gradle\8.2\fileHashes)" [_thread_blocked, id=2964, stack(0x000000f74fd00000,0x000000f74fe00000)]
  0x00000264b47095e0 JavaThread "Cache worker for cache directory md-supplier (C:\Users\Minha Rehman\.gradle\caches\8.2\md-supplier)" [_thread_blocked, id=10848, stack(0x000000f74fe00000,0x000000f74ff00000)]
  0x00000264b47060f0 JavaThread "Cache worker for execution history cache (C:\Users\Minha Rehman\.gradle\caches\8.2\executionHistory)" [_thread_blocked, id=4980, stack(0x000000f74ff00000,0x000000f750000000)]
  0x00000264b47082a0 JavaThread "Cache worker for kotlin-dsl (C:\Users\Minha Rehman\.gradle\caches\8.2\kotlin-dsl)" [_thread_blocked, id=15116, stack(0x000000f750000000,0x000000f750100000)]
  0x00000264b4705280 JavaThread "Cache worker for dependencies-accessors (C:\Users\Minha Rehman\AndroidStudioProjects\Library\.gradle\8.2\dependencies-accessors)" [_thread_blocked, id=17336, stack(0x000000f750100000,0x000000f750200000)]
  0x00000264b4708770 JavaThread "Cache worker for Build Output Cleanup Cache (C:\Users\Minha Rehman\AndroidStudioProjects\Library\.gradle\buildOutputCleanup)" [_thread_blocked, id=17264, stack(0x000000f750200000,0x000000f750300000)]
  0x00000264b63a30f0 JavaThread "Unconstrained build operations" [_thread_blocked, id=6536, stack(0x000000f750300000,0x000000f750400000)]
  0x00000264b63a0a70 JavaThread "Unconstrained build operations Thread 2" [_thread_blocked, id=2916, stack(0x000000f750400000,0x000000f750500000)]
  0x00000264b63a00d0 JavaThread "Unconstrained build operations Thread 3" [_thread_blocked, id=2440, stack(0x000000f750500000,0x000000f750600000)]
  0x00000264b63a7920 JavaThread "Unconstrained build operations Thread 4" [_thread_blocked, id=7908, stack(0x000000f750600000,0x000000f750700000)]
  0x00000264b63a05a0 JavaThread "Unconstrained build operations Thread 5" [_thread_blocked, id=7024, stack(0x000000f750700000,0x000000f750800000)]
  0x00000264b63a3a90 JavaThread "Unconstrained build operations Thread 6" [_thread_blocked, id=10952, stack(0x000000f750800000,0x000000f750900000)]
  0x00000264b63a2750 JavaThread "Unconstrained build operations Thread 7" [_thread_blocked, id=2936, stack(0x000000f750900000,0x000000f750a00000)]
  0x00000264b63a2280 JavaThread "Memory manager" [_thread_blocked, id=2052, stack(0x000000f750a00000,0x000000f750b00000)]
  0x00000264b63a3f60 JavaThread "build event listener" [_thread_blocked, id=696, stack(0x000000f750b00000,0x000000f750c00000)]
  0x00000264b63a4dd0 JavaThread "included builds" [_thread_blocked, id=9400, stack(0x000000f74ef00000,0x000000f74f000000)]
  0x00000264b63a5770 JavaThread "Execution worker" [_thread_blocked, id=10276, stack(0x000000f750c00000,0x000000f750d00000)]
  0x00000264b63a6110 JavaThread "Execution worker Thread 2" [_thread_blocked, id=6980, stack(0x000000f750d00000,0x000000f750e00000)]
  0x00000264b63a65e0 JavaThread "Execution worker Thread 3" [_thread_blocked, id=308, stack(0x000000f750e00000,0x000000f750f00000)]
  0x00000264b63a6ab0 JavaThread "Execution worker Thread 4" [_thread_blocked, id=18812, stack(0x000000f750f00000,0x000000f751000000)]
  0x00000264b550b210 JavaThread "Execution worker Thread 5" [_thread_blocked, id=19568, stack(0x000000f751000000,0x000000f751100000)]
  0x00000264b550bbb0 JavaThread "Execution worker Thread 6" [_thread_blocked, id=16232, stack(0x000000f751100000,0x000000f751200000)]
  0x00000264b550a3a0 JavaThread "Execution worker Thread 7" [_thread_blocked, id=19984, stack(0x000000f751200000,0x000000f751300000)]
  0x00000264b550a870 JavaThread "Cache worker for execution history cache (C:\Users\Minha Rehman\AndroidStudioProjects\Library\.gradle\8.2\executionHistory)" [_thread_blocked, id=16588, stack(0x000000f751300000,0x000000f751400000)]
  0x00000264b5509ed0 JavaThread "idea-tooling-model-converter" [_thread_blocked, id=16508, stack(0x000000f751400000,0x000000f751500000)]
  0x00000264b550b6e0 JavaThread "Unconstrained build operations Thread 8" [_thread_blocked, id=11140, stack(0x000000f751500000,0x000000f751600000)]
  0x00000264b5cf2b60 JavaThread "C2 CompilerThread1" daemon [_thread_blocked, id=7128, stack(0x000000f74d900000,0x000000f74da00000)]

Other Threads:
=>0x00000264ac5971e0 VMThread "VM Thread" [stack: 0x000000f74cc00000,0x000000f74cd00000] [id=18512]
  0x0000026490dd86f0 WatcherThread [stack: 0x000000f74d800000,0x000000f74d900000] [id=14108]
  0x0000026490e33830 GCTaskThread "GC Thread#0" [stack: 0x000000f74c700000,0x000000f74c800000] [id=16988]
  0x00000264b1e8a6a0 GCTaskThread "GC Thread#1" [stack: 0x000000f74db00000,0x000000f74dc00000] [id=14832]
  0x00000264b22a1be0 GCTaskThread "GC Thread#2" [stack: 0x000000f74dc00000,0x000000f74dd00000] [id=300]
  0x00000264b1bf9ca0 GCTaskThread "GC Thread#3" [stack: 0x000000f74dd00000,0x000000f74de00000] [id=13360]
  0x00000264b15ef5e0 GCTaskThread "GC Thread#4" [stack: 0x000000f74de00000,0x000000f74df00000] [id=18532]
  0x00000264b2da8500 GCTaskThread "GC Thread#5" [stack: 0x000000f74e800000,0x000000f74e900000] [id=16720]
  0x00000264b1fed320 GCTaskThread "GC Thread#6" [stack: 0x000000f74e900000,0x000000f74ea00000] [id=8772]
  0x00000264b3783040 GCTaskThread "GC Thread#7" [stack: 0x000000f74ea00000,0x000000f74eb00000] [id=14572]
  0x0000026490bedfe0 ConcurrentGCThread "G1 Main Marker" [stack: 0x000000f74c800000,0x000000f74c900000] [id=1732]
  0x0000026490bee9f0 ConcurrentGCThread "G1 Conc#0" [stack: 0x000000f74c900000,0x000000f74ca00000] [id=2716]
  0x00000264b15042b0 ConcurrentGCThread "G1 Conc#1" [stack: 0x000000f74eb00000,0x000000f74ec00000] [id=18344]
  0x0000026490e8dff0 ConcurrentGCThread "G1 Refine#0" [stack: 0x000000f74ca00000,0x000000f74cb00000] [id=5464]
  0x00000264b5f1b330 ConcurrentGCThread "G1 Refine#1" [stack: 0x000000f751600000,0x000000f751700000] [id=17624]
  0x00000264b40fe9e0 ConcurrentGCThread "G1 Refine#2" [stack: 0x000000f751700000,0x000000f751800000] [id=2792]
  0x00000264b84388a0 ConcurrentGCThread "G1 Refine#3" [stack: 0x000000f751800000,0x000000f751900000] [id=13776]
  0x00000264b1a054e0 ConcurrentGCThread "G1 Refine#4" [stack: 0x000000f751900000,0x000000f751a00000] [id=20312]
  0x0000026490e8ea30 ConcurrentGCThread "G1 Service" [stack: 0x000000f74cb00000,0x000000f74cc00000] [id=5724]

Threads with active compile tasks:

VM state: at safepoint (normal execution)

VM Mutex/Monitor currently owned by a thread:  ([mutex/lock_event])
[0x0000026490dd2f60] Threads_lock - owner thread: 0x00000264ac5971e0
[0x0000026490dd3e00] Heap_lock - owner thread: 0x00000264b1f3bed0

Heap address: 0x0000000080000000, size: 2048 MB, Compressed Oops mode: 32-bit

CDS archive(s) not mapped
Compressed class space mapped at: 0x0000000100000000-0x0000000140000000, reserved size: 1073741824
Narrow klass base: 0x0000000000000000, Narrow klass shift: 3, Narrow klass range: 0x140000000

GC Precious Log:
 CPUs: 8 total, 8 available
 Memory: 7834M
 Large Page Support: Disabled
 NUMA Support: Disabled
 Compressed Oops: Enabled (32-bit)
 Heap Region Size: 1M
 Heap Min Capacity: 8M
 Heap Initial Capacity: 124M
 Heap Max Capacity: 2G
 Pre-touch: Disabled
 Parallel Workers: 8
 Concurrent Workers: 2
 Concurrent Refinement Workers: 8
 Periodic GC: Disabled

Heap:
 garbage-first heap   total 293888K, used 174837K [0x0000000080000000, 0x0000000100000000)
  region size 1024K, 4 young (4096K), 4 survivors (4096K)
 Metaspace       used 95569K, committed 96320K, reserved 1179648K
  class space    used 13275K, committed 13632K, reserved 1048576K

Heap Regions: E=young(eden), S=young(survivor), O=old, HS=humongous(starts), HC=humongous(continues), CS=collection set, F=free, OA=open archive, CA=closed archive, TAMS=top-at-mark-start (previous, next)
|   0|0x0000000080000000, 0x0000000080100000, 0x0000000080100000|100%|HS|  |TAMS 0x0000000080100000, 0x0000000080100000| Complete 
|   1|0x0000000080100000, 0x0000000080200000, 0x0000000080200000|100%|HC|  |TAMS 0x0000000080200000, 0x0000000080200000| Complete 
|   2|0x0000000080200000, 0x0000000080300000, 0x0000000080300000|100%|HC|  |TAMS 0x0000000080300000, 0x0000000080300000| Complete 
|   3|0x0000000080300000, 0x0000000080400000, 0x0000000080400000|100%|HC|  |TAMS 0x0000000080400000, 0x0000000080400000| Complete 
|   4|0x0000000080400000, 0x0000000080500000, 0x0000000080500000|100%| O|  |TAMS 0x0000000080500000, 0x0000000080500000| Untracked 
|   5|0x0000000080500000, 0x0000000080600000, 0x0000000080600000|100%| O|  |TAMS 0x0000000080600000, 0x0000000080600000| Untracked 
|   6|0x0000000080600000, 0x0000000080700000, 0x0000000080700000|100%| O|  |TAMS 0x0000000080700000, 0x0000000080700000| Untracked 
|   7|0x0000000080700000, 0x0000000080800000, 0x0000000080800000|100%| O|  |TAMS 0x0000000080800000, 0x0000000080800000| Untracked 
|   8|0x0000000080800000, 0x0000000080900000, 0x0000000080900000|100%| O|  |TAMS 0x0000000080900000, 0x0000000080900000| Untracked 
|   9|0x0000000080900000, 0x0000000080a00000, 0x0000000080a00000|100%| O|  |TAMS 0x0000000080a00000, 0x0000000080a00000| Untracked 
|  10|0x0000000080a00000, 0x0000000080b00000, 0x0000000080b00000|100%| O|  |TAMS 0x0000000080b00000, 0x0000000080b00000| Untracked 
|  11|0x0000000080b00000, 0x0000000080c00000, 0x0000000080c00000|100%| O|  |TAMS 0x0000000080c00000, 0x0000000080c00000| Untracked 
|  12|0x0000000080c00000, 0x0000000080d00000, 0x0000000080d00000|100%| O|  |TAMS 0x0000000080d00000, 0x0000000080d00000| Untracked 
|  13|0x0000000080d00000, 0x0000000080e00000, 0x0000000080e00000|100%| O|  |TAMS 0x0000000080e00000, 0x0000000080e00000| Untracked 
|  14|0x0000000080e00000, 0x0000000080f00000, 0x0000000080f00000|100%| O|  |TAMS 0x0000000080f00000, 0x0000000080f00000| Untracked 
|  15|0x0000000080f00000, 0x0000000081000000, 0x0000000081000000|100%| O|  |TAMS 0x0000000081000000, 0x0000000081000000| Untracked 
|  16|0x0000000081000000, 0x0000000081100000, 0x0000000081100000|100%| O|  |TAMS 0x0000000081100000, 0x0000000081100000| Untracked 
|  17|0x0000000081100000, 0x0000000081200000, 0x0000000081200000|100%| O|  |TAMS 0x0000000081200000, 0x0000000081200000| Untracked 
|  18|0x0000000081200000, 0x0000000081300000, 0x0000000081300000|100%| O|  |TAMS 0x0000000081300000, 0x0000000081300000| Untracked 
|  19|0x0000000081300000, 0x0000000081400000, 0x0000000081400000|100%| O|  |TAMS 0x0000000081400000, 0x0000000081400000| Untracked 
|  20|0x0000000081400000, 0x0000000081500000, 0x0000000081500000|100%|HS|  |TAMS 0x0000000081500000, 0x0000000081500000| Complete 
|  21|0x0000000081500000, 0x0000000081600000, 0x0000000081600000|100%|HC|  |TAMS 0x0000000081600000, 0x0000000081600000| Complete 
|  22|0x0000000081600000, 0x0000000081700000, 0x0000000081700000|100%|HS|  |TAMS 0x0000000081700000, 0x0000000081700000| Complete 
|  23|0x0000000081700000, 0x0000000081800000, 0x0000000081800000|100%|HC|  |TAMS 0x0000000081800000, 0x0000000081800000| Complete 
|  24|0x0000000081800000, 0x0000000081900000, 0x0000000081900000|100%|HC|  |TAMS 0x0000000081900000, 0x0000000081900000| Complete 
|  25|0x0000000081900000, 0x0000000081a00000, 0x0000000081a00000|100%|HS|  |TAMS 0x0000000081a00000, 0x0000000081a00000| Complete 
|  26|0x0000000081a00000, 0x0000000081b00000, 0x0000000081b00000|100%|HC|  |TAMS 0x0000000081b00000, 0x0000000081b00000| Complete 
|  27|0x0000000081b00000, 0x0000000081c00000, 0x0000000081c00000|100%| O|  |TAMS 0x0000000081c00000, 0x0000000081c00000| Untracked 
|  28|0x0000000081c00000, 0x0000000081d00000, 0x0000000081d00000|100%| O|  |TAMS 0x0000000081d00000, 0x0000000081d00000| Untracked 
|  29|0x0000000081d00000, 0x0000000081e00000, 0x0000000081e00000|100%| O|  |TAMS 0x0000000081e00000, 0x0000000081e00000| Untracked 
|  30|0x0000000081e00000, 0x0000000081f00000, 0x0000000081f00000|100%|HS|  |TAMS 0x0000000081f00000, 0x0000000081f00000| Complete 
|  31|0x0000000081f00000, 0x0000000082000000, 0x0000000082000000|100%|HC|  |TAMS 0x0000000082000000, 0x0000000082000000| Complete 
|  32|0x0000000082000000, 0x0000000082100000, 0x0000000082100000|100%|HC|  |TAMS 0x0000000082100000, 0x0000000082100000| Complete 
|  33|0x0000000082100000, 0x0000000082200000, 0x0000000082200000|100%|HC|  |TAMS 0x0000000082200000, 0x0000000082200000| Complete 
|  34|0x0000000082200000, 0x0000000082300000, 0x0000000082300000|100%|HC|  |TAMS 0x0000000082300000, 0x0000000082300000| Complete 
|  35|0x0000000082300000, 0x0000000082400000, 0x0000000082400000|100%|HC|  |TAMS 0x0000000082400000, 0x0000000082400000| Complete 
|  36|0x0000000082400000, 0x0000000082500000, 0x0000000082500000|100%|HC|  |TAMS 0x0000000082500000, 0x0000000082500000| Complete 
|  37|0x0000000082500000, 0x0000000082600000, 0x0000000082600000|100%|HC|  |TAMS 0x0000000082600000, 0x0000000082600000| Complete 
|  38|0x0000000082600000, 0x0000000082700000, 0x0000000082700000|100%|HC|  |TAMS 0x0000000082700000, 0x0000000082700000| Complete 
|  39|0x0000000082700000, 0x0000000082800000, 0x0000000082800000|100%|HC|  |TAMS 0x0000000082800000, 0x0000000082800000| Complete 
|  40|0x0000000082800000, 0x0000000082900000, 0x0000000082900000|100%|HC|  |TAMS 0x0000000082900000, 0x0000000082900000| Complete 
|  41|0x0000000082900000, 0x0000000082a00000, 0x0000000082a00000|100%|HC|  |TAMS 0x0000000082a00000, 0x0000000082a00000| Complete 
|  42|0x0000000082a00000, 0x0000000082b00000, 0x0000000082b00000|100%| O|  |TAMS 0x0000000082b00000, 0x0000000082b00000| Untracked 
|  43|0x0000000082b00000, 0x0000000082c00000, 0x0000000082c00000|100%| O|  |TAMS 0x0000000082c00000, 0x0000000082c00000| Untracked 
|  44|0x0000000082c00000, 0x0000000082d00000, 0x0000000082d00000|100%|HS|  |TAMS 0x0000000082d00000, 0x0000000082d00000| Complete 
|  45|0x0000000082d00000, 0x0000000082e00000, 0x0000000082e00000|100%|HC|  |TAMS 0x0000000082e00000, 0x0000000082e00000| Complete 
|  46|0x0000000082e00000, 0x0000000082f00000, 0x0000000082f00000|100%| O|  |TAMS 0x0000000082f00000, 0x0000000082f00000| Untracked 
|  47|0x0000000082f00000, 0x0000000083000000, 0x0000000083000000|100%| O|  |TAMS 0x0000000083000000, 0x0000000083000000| Untracked 
|  48|0x0000000083000000, 0x0000000083100000, 0x0000000083100000|100%| O|  |TAMS 0x0000000083100000, 0x0000000083100000| Untracked 
|  49|0x0000000083100000, 0x0000000083200000, 0x0000000083200000|100%| O|  |TAMS 0x0000000083200000, 0x0000000083200000| Untracked 
|  50|0x0000000083200000, 0x0000000083300000, 0x0000000083300000|100%| O|  |TAMS 0x0000000083300000, 0x0000000083300000| Untracked 
|  51|0x0000000083300000, 0x0000000083400000, 0x0000000083400000|100%| O|  |TAMS 0x0000000083400000, 0x0000000083400000| Untracked 
|  52|0x0000000083400000, 0x0000000083500000, 0x0000000083500000|100%| O|  |TAMS 0x0000000083500000, 0x0000000083500000| Untracked 
|  53|0x0000000083500000, 0x0000000083600000, 0x0000000083600000|100%| O|  |TAMS 0x0000000083600000, 0x0000000083600000| Untracked 
|  54|0x0000000083600000, 0x0000000083700000, 0x0000000083700000|100%|HS|  |TAMS 0x0000000083700000, 0x0000000083700000| Complete 
|  55|0x0000000083700000, 0x0000000083800000, 0x0000000083800000|100%|HC|  |TAMS 0x0000000083800000, 0x0000000083800000| Complete 
|  56|0x0000000083800000, 0x0000000083900000, 0x0000000083900000|100%|HC|  |TAMS 0x0000000083900000, 0x0000000083900000| Complete 
|  57|0x0000000083900000, 0x0000000083a00000, 0x0000000083a00000|100%| O|  |TAMS 0x0000000083a00000, 0x0000000083a00000| Untracked 
|  58|0x0000000083a00000, 0x0000000083b00000, 0x0000000083b00000|100%| O|  |TAMS 0x0000000083b00000, 0x0000000083b00000| Untracked 
|  59|0x0000000083b00000, 0x0000000083c00000, 0x0000000083c00000|100%| O|  |TAMS 0x0000000083c00000, 0x0000000083c00000| Untracked 
|  60|0x0000000083c00000, 0x0000000083d00000, 0x0000000083d00000|100%| O|  |TAMS 0x0000000083d00000, 0x0000000083d00000| Untracked 
|  61|0x0000000083d00000, 0x0000000083e00000, 0x0000000083e00000|100%| O|  |TAMS 0x0000000083e00000, 0x0000000083e00000| Untracked 
|  62|0x0000000083e00000, 0x0000000083f00000, 0x0000000083f00000|100%| O|  |TAMS 0x0000000083f00000, 0x0000000083f00000| Untracked 
|  63|0x0000000083f00000, 0x0000000083f00000, 0x0000000084000000|  0%| F|  |TAMS 0x0000000083f00000, 0x0000000083f00000| Untracked 
|  64|0x0000000084000000, 0x0000000084100000, 0x0000000084100000|100%| O|  |TAMS 0x0000000084100000, 0x0000000084100000| Untracked 
|  65|0x0000000084100000, 0x0000000084200000, 0x0000000084200000|100%| O|  |TAMS 0x0000000084200000, 0x0000000084200000| Untracked 
|  66|0x0000000084200000, 0x0000000084300000, 0x0000000084300000|100%| O|  |TAMS 0x0000000084300000, 0x0000000084300000| Untracked 
|  67|0x0000000084300000, 0x0000000084400000, 0x0000000084400000|100%| O|  |TAMS 0x0000000084400000, 0x0000000084400000| Untracked 
|  68|0x0000000084400000, 0x0000000084500000, 0x0000000084500000|100%| O|  |TAMS 0x0000000084500000, 0x0000000084500000| Untracked 
|  69|0x0000000084500000, 0x0000000084600000, 0x0000000084600000|100%|HS|  |TAMS 0x0000000084600000, 0x0000000084600000| Complete 
|  70|0x0000000084600000, 0x0000000084700000, 0x0000000084700000|100%|HS|  |TAMS 0x0000000084700000, 0x0000000084700000| Complete 
|  71|0x0000000084700000, 0x0000000084800000, 0x0000000084800000|100%|HS|  |TAMS 0x0000000084800000, 0x0000000084800000| Complete 
|  72|0x0000000084800000, 0x0000000084900000, 0x0000000084900000|100%|HC|  |TAMS 0x0000000084900000, 0x0000000084900000| Complete 
|  73|0x0000000084900000, 0x0000000084a00000, 0x0000000084a00000|100%|HS|  |TAMS 0x0000000084a00000, 0x0000000084a00000| Complete 
|  74|0x0000000084a00000, 0x0000000084b00000, 0x0000000084b00000|100%|HC|  |TAMS 0x0000000084b00000, 0x0000000084b00000| Complete 
|  75|0x0000000084b00000, 0x0000000084c00000, 0x0000000084c00000|100%|HS|  |TAMS 0x0000000084c00000, 0x0000000084c00000| Complete 
|  76|0x0000000084c00000, 0x0000000084d00000, 0x0000000084d00000|100%|HS|  |TAMS 0x0000000084d00000, 0x0000000084d00000| Complete 
|  77|0x0000000084d00000, 0x0000000084e00000, 0x0000000084e00000|100%|HS|  |TAMS 0x0000000084e00000, 0x0000000084e00000| Complete 
|  78|0x0000000084e00000, 0x0000000084f00000, 0x0000000084f00000|100%|HC|  |TAMS 0x0000000084f00000, 0x0000000084f00000| Complete 
|  79|0x0000000084f00000, 0x0000000085000000, 0x0000000085000000|100%|HC|  |TAMS 0x0000000085000000, 0x0000000085000000| Complete 
|  80|0x0000000085000000, 0x0000000085100000, 0x0000000085100000|100%|HC|  |TAMS 0x0000000085100000, 0x0000000085100000| Complete 
|  81|0x0000000085100000, 0x0000000085200000, 0x0000000085200000|100%|HS|  |TAMS 0x0000000085200000, 0x0000000085200000| Complete 
|  82|0x0000000085200000, 0x0000000085300000, 0x0000000085300000|100%| O|  |TAMS 0x0000000085300000, 0x0000000085300000| Untracked 
|  83|0x0000000085300000, 0x0000000085400000, 0x0000000085400000|100%| O|  |TAMS 0x0000000085400000, 0x0000000085400000| Untracked 
|  84|0x0000000085400000, 0x0000000085500000, 0x0000000085500000|100%| O|  |TAMS 0x0000000085500000, 0x0000000085500000| Untracked 
|  85|0x0000000085500000, 0x0000000085600000, 0x0000000085600000|100%| O|  |TAMS 0x0000000085600000, 0x0000000085600000| Untracked 
|  86|0x0000000085600000, 0x0000000085700000, 0x0000000085700000|100%| O|  |TAMS 0x0000000085700000, 0x0000000085700000| Untracked 
|  87|0x0000000085700000, 0x0000000085800000, 0x0000000085800000|100%| O|  |TAMS 0x0000000085800000, 0x0000000085800000| Untracked 
|  88|0x0000000085800000, 0x0000000085900000, 0x0000000085900000|100%| O|  |TAMS 0x0000000085900000, 0x0000000085900000| Untracked 
|  89|0x0000000085900000, 0x0000000085a00000, 0x0000000085a00000|100%| O|  |TAMS 0x0000000085a00000, 0x0000000085a00000| Untracked 
|  90|0x0000000085a00000, 0x0000000085b00000, 0x0000000085b00000|100%| O|  |TAMS 0x0000000085b00000, 0x0000000085b00000| Untracked 
|  91|0x0000000085b00000, 0x0000000085c00000, 0x0000000085c00000|100%| O|  |TAMS 0x0000000085c00000, 0x0000000085c00000| Untracked 
|  92|0x0000000085c00000, 0x0000000085d00000, 0x0000000085d00000|100%| O|  |TAMS 0x0000000085c00000, 0x0000000085d00000| Untracked 
|  93|0x0000000085d00000, 0x0000000085e00000, 0x0000000085e00000|100%|HS|  |TAMS 0x0000000085e00000, 0x0000000085e00000| Complete 
|  94|0x0000000085e00000, 0x0000000085f00000, 0x0000000085f00000|100%|HC|  |TAMS 0x0000000085f00000, 0x0000000085f00000| Complete 
|  95|0x0000000085f00000, 0x0000000086000000, 0x0000000086000000|100%|HC|  |TAMS 0x0000000086000000, 0x0000000086000000| Complete 
|  96|0x0000000086000000, 0x0000000086100000, 0x0000000086100000|100%|HC|  |TAMS 0x0000000086100000, 0x0000000086100000| Complete 
|  97|0x0000000086100000, 0x0000000086200000, 0x0000000086200000|100%| O|  |TAMS 0x0000000086200000, 0x0000000086200000| Untracked 
|  98|0x0000000086200000, 0x0000000086300000, 0x0000000086300000|100%| O|  |TAMS 0x0000000086300000, 0x0000000086300000| Untracked 
|  99|0x0000000086300000, 0x0000000086400000, 0x0000000086400000|100%| O|  |TAMS 0x0000000086400000, 0x0000000086400000| Untracked 
| 100|0x0000000086400000, 0x0000000086500000, 0x0000000086500000|100%| O|  |TAMS 0x0000000086500000, 0x0000000086500000| Untracked 
| 101|0x0000000086500000, 0x0000000086600000, 0x0000000086600000|100%| O|  |TAMS 0x0000000086600000, 0x0000000086600000| Untracked 
| 102|0x0000000086600000, 0x0000000086700000, 0x0000000086700000|100%| O|  |TAMS 0x0000000086700000, 0x0000000086700000| Untracked 
| 103|0x0000000086700000, 0x0000000086800000, 0x0000000086800000|100%| O|  |TAMS 0x0000000086800000, 0x0000000086800000| Untracked 
| 104|0x0000000086800000, 0x0000000086900000, 0x0000000086900000|100%| O|  |TAMS 0x0000000086900000, 0x0000000086900000| Untracked 
| 105|0x0000000086900000, 0x0000000086a00000, 0x0000000086a00000|100%| O|  |TAMS 0x0000000086a00000, 0x0000000086a00000| Untracked 
| 106|0x0000000086a00000, 0x0000000086b00000, 0x0000000086b00000|100%| O|  |TAMS 0x0000000086b00000, 0x0000000086b00000| Untracked 
| 107|0x0000000086b00000, 0x0000000086c00000, 0x0000000086c00000|100%| O|  |TAMS 0x0000000086c00000, 0x0000000086c00000| Untracked 
| 108|0x0000000086c00000, 0x0000000086d00000, 0x0000000086d00000|100%| O|  |TAMS 0x0000000086d00000, 0x0000000086d00000| Untracked 
| 109|0x0000000086d00000, 0x0000000086e00000, 0x0000000086e00000|100%| O|  |TAMS 0x0000000086e00000, 0x0000000086e00000| Untracked 
| 110|0x0000000086e00000, 0x0000000086f00000, 0x0000000086f00000|100%| O|  |TAMS 0x0000000086f00000, 0x0000000086f00000| Untracked 
| 111|0x0000000086f00000, 0x0000000087000000, 0x0000000087000000|100%| O|  |TAMS 0x0000000087000000, 0x0000000087000000| Untracked 
| 112|0x0000000087000000, 0x0000000087100000, 0x0000000087100000|100%| O|  |TAMS 0x0000000087100000, 0x0000000087100000| Untracked 
| 113|0x0000000087100000, 0x0000000087200000, 0x0000000087200000|100%|HS|  |TAMS 0x0000000087200000, 0x0000000087200000| Complete 
| 114|0x0000000087200000, 0x0000000087300000, 0x0000000087300000|100%|HC|  |TAMS 0x0000000087300000, 0x0000000087300000| Complete 
| 115|0x0000000087300000, 0x0000000087400000, 0x0000000087400000|100%|HS|  |TAMS 0x0000000087400000, 0x0000000087400000| Complete 
| 116|0x0000000087400000, 0x0000000087500000, 0x0000000087500000|100%|HC|  |TAMS 0x0000000087500000, 0x0000000087500000| Complete 
| 117|0x0000000087500000, 0x0000000087600000, 0x0000000087600000|100%|HC|  |TAMS 0x0000000087600000, 0x0000000087600000| Complete 
| 118|0x0000000087600000, 0x0000000087700000, 0x0000000087700000|100%|HS|  |TAMS 0x0000000087700000, 0x0000000087700000| Complete 
| 119|0x0000000087700000, 0x0000000087800000, 0x0000000087800000|100%|HC|  |TAMS 0x0000000087800000, 0x0000000087800000| Complete 
| 120|0x0000000087800000, 0x0000000087900000, 0x0000000087900000|100%|HS|  |TAMS 0x0000000087900000, 0x0000000087900000| Complete 
| 121|0x0000000087900000, 0x0000000087a00000, 0x0000000087a00000|100%|HC|  |TAMS 0x0000000087a00000, 0x0000000087a00000| Complete 
| 122|0x0000000087a00000, 0x0000000087b00000, 0x0000000087b00000|100%|HC|  |TAMS 0x0000000087b00000, 0x0000000087b00000| Complete 
| 123|0x0000000087b00000, 0x0000000087c00000, 0x0000000087c00000|100%|HC|  |TAMS 0x0000000087c00000, 0x0000000087c00000| Complete 
| 124|0x0000000087c00000, 0x0000000087d00000, 0x0000000087d00000|100%|HC|  |TAMS 0x0000000087d00000, 0x0000000087d00000| Complete 
| 125|0x0000000087d00000, 0x0000000087e00000, 0x0000000087e00000|100%|HC|  |TAMS 0x0000000087e00000, 0x0000000087e00000| Complete 
| 126|0x0000000087e00000, 0x0000000087f00000, 0x0000000087f00000|100%|HC|  |TAMS 0x0000000087f00000, 0x0000000087f00000| Complete 
| 127|0x0000000087f00000, 0x0000000088000000, 0x0000000088000000|100%|HC|  |TAMS 0x0000000088000000, 0x0000000088000000| Complete 
| 128|0x0000000088000000, 0x0000000088100000, 0x0000000088100000|100%|HC|  |TAMS 0x0000000088100000, 0x0000000088100000| Complete 
| 129|0x0000000088100000, 0x0000000088200000, 0x0000000088200000|100%|HC|  |TAMS 0x0000000088200000, 0x0000000088200000| Complete 
| 130|0x0000000088200000, 0x0000000088300000, 0x0000000088300000|100%|HC|  |TAMS 0x0000000088300000, 0x0000000088300000| Complete 
| 131|0x0000000088300000, 0x0000000088400000, 0x0000000088400000|100%|HC|  |TAMS 0x0000000088400000, 0x0000000088400000| Complete 
| 132|0x0000000088400000, 0x0000000088500000, 0x0000000088500000|100%|HS|  |TAMS 0x0000000088500000, 0x0000000088500000| Complete 
| 133|0x0000000088500000, 0x0000000088600000, 0x0000000088600000|100%|HC|  |TAMS 0x0000000088600000, 0x0000000088600000| Complete 
| 134|0x0000000088600000, 0x0000000088700000, 0x0000000088700000|100%| O|  |TAMS 0x0000000088700000, 0x0000000088700000| Untracked 
| 135|0x0000000088700000, 0x0000000088800000, 0x0000000088800000|100%| O|  |TAMS 0x0000000088800000, 0x0000000088800000| Untracked 
| 136|0x0000000088800000, 0x0000000088900000, 0x0000000088900000|100%| O|  |TAMS 0x0000000088900000, 0x0000000088900000| Untracked 
| 137|0x0000000088900000, 0x0000000088a00000, 0x0000000088a00000|100%| O|  |TAMS 0x0000000088a00000, 0x0000000088a00000| Untracked 
| 138|0x0000000088a00000, 0x0000000088b00000, 0x0000000088b00000|100%| O|  |TAMS 0x0000000088b00000, 0x0000000088b00000| Untracked 
| 139|0x0000000088b00000, 0x0000000088c00000, 0x0000000088c00000|100%| O|  |TAMS 0x0000000088c00000, 0x0000000088c00000| Untracked 
| 140|0x0000000088c00000, 0x0000000088d00000, 0x0000000088d00000|100%| O|  |TAMS 0x0000000088d00000, 0x0000000088d00000| Untracked 
| 141|0x0000000088d00000, 0x0000000088e00000, 0x0000000088e00000|100%| O|  |TAMS 0x0000000088e00000, 0x0000000088e00000| Untracked 
| 142|0x0000000088e00000, 0x0000000088f00000, 0x0000000088f00000|100%| O|  |TAMS 0x0000000088f00000, 0x0000000088f00000| Untracked 
| 143|0x0000000088f00000, 0x0000000089000000, 0x0000000089000000|100%| O|  |TAMS 0x0000000089000000, 0x0000000089000000| Untracked 
| 144|0x0000000089000000, 0x0000000089100000, 0x0000000089100000|100%| O|  |TAMS 0x0000000089100000, 0x0000000089100000| Untracked 
| 145|0x0000000089100000, 0x0000000089200000, 0x0000000089200000|100%| O|  |TAMS 0x0000000089200000, 0x0000000089200000| Untracked 
| 146|0x0000000089200000, 0x0000000089300000, 0x0000000089300000|100%| O|  |TAMS 0x0000000089300000, 0x0000000089300000| Untracked 
| 147|0x0000000089300000, 0x0000000089400000, 0x0000000089400000|100%| O|  |TAMS 0x0000000089400000, 0x0000000089400000| Untracked 
| 148|0x0000000089400000, 0x0000000089500000, 0x0000000089500000|100%| O|  |TAMS 0x0000000089500000, 0x0000000089500000| Untracked 
| 149|0x0000000089500000, 0x0000000089600000, 0x0000000089600000|100%| O|  |TAMS 0x0000000089600000, 0x0000000089600000| Untracked 
| 150|0x0000000089600000, 0x0000000089700000, 0x0000000089700000|100%| O|  |TAMS 0x0000000089700000, 0x0000000089700000| Untracked 
| 151|0x0000000089700000, 0x0000000089800000, 0x0000000089800000|100%| O|  |TAMS 0x0000000089800000, 0x0000000089800000| Untracked 
| 152|0x0000000089800000, 0x0000000089900000, 0x0000000089900000|100%| O|  |TAMS 0x0000000089900000, 0x0000000089900000| Untracked 
| 153|0x0000000089900000, 0x0000000089a00000, 0x0000000089a00000|100%| O|  |TAMS 0x0000000089a00000, 0x0000000089a00000| Untracked 
| 154|0x0000000089a00000, 0x0000000089b00000, 0x0000000089b00000|100%| O|  |TAMS 0x0000000089b00000, 0x0000000089b00000| Untracked 
| 155|0x0000000089b00000, 0x0000000089c00000, 0x0000000089c00000|100%| O|  |TAMS 0x0000000089c00000, 0x0000000089c00000| Untracked 
| 156|0x0000000089c00000, 0x0000000089d00000, 0x0000000089d00000|100%| O|  |TAMS 0x0000000089d00000, 0x0000000089d00000| Untracked 
| 157|0x0000000089d00000, 0x0000000089e00000, 0x0000000089e00000|100%| O|  |TAMS 0x0000000089e00000, 0x0000000089e00000| Untracked 
| 158|0x0000000089e00000, 0x0000000089f00000, 0x0000000089f00000|100%| O|  |TAMS 0x0000000089f00000, 0x0000000089f00000| Untracked 
| 159|0x0000000089f00000, 0x000000008a000000, 0x000000008a000000|100%| O|  |TAMS 0x000000008a000000, 0x000000008a000000| Untracked 
| 160|0x000000008a000000, 0x000000008a100000, 0x000000008a100000|100%| O|  |TAMS 0x000000008a100000, 0x000000008a100000| Untracked 
| 161|0x000000008a100000, 0x000000008a200000, 0x000000008a200000|100%| O|  |TAMS 0x000000008a200000, 0x000000008a200000| Untracked 
| 162|0x000000008a200000, 0x000000008a300000, 0x000000008a300000|100%| O|  |TAMS 0x000000008a300000, 0x000000008a300000| Untracked 
| 163|0x000000008a300000, 0x000000008a400000, 0x000000008a400000|100%| O|  |TAMS 0x000000008a35ce00, 0x000000008a400000| Untracked 
| 164|0x000000008a400000, 0x000000008a500000, 0x000000008a500000|100%| O|  |TAMS 0x000000008a400000, 0x000000008a500000| Untracked 
| 165|0x000000008a500000, 0x000000008a600000, 0x000000008a600000|100%| O|  |TAMS 0x000000008a500000, 0x000000008a600000| Untracked 
| 166|0x000000008a600000, 0x000000008a700000, 0x000000008a700000|100%| O|  |TAMS 0x000000008a600000, 0x000000008a700000| Untracked 
| 167|0x000000008a700000, 0x000000008a800000, 0x000000008a800000|100%| O|  |TAMS 0x000000008a700000, 0x000000008a800000| Untracked 
| 168|0x000000008a800000, 0x000000008a83c800, 0x000000008a900000| 23%| O|  |TAMS 0x000000008a800000, 0x000000008a83c800| Untracked 
| 169|0x000000008a900000, 0x000000008a900000, 0x000000008aa00000|  0%| F|  |TAMS 0x000000008a900000, 0x000000008a900000| Untracked 
| 170|0x000000008aa00000, 0x000000008aa00000, 0x000000008ab00000|  0%| F|  |TAMS 0x000000008aa00000, 0x000000008aa00000| Untracked 
| 171|0x000000008ab00000, 0x000000008ab00000, 0x000000008ac00000|  0%| F|  |TAMS 0x000000008ab00000, 0x000000008ab00000| Untracked 
| 172|0x000000008ac00000, 0x000000008ac00000, 0x000000008ad00000|  0%| F|  |TAMS 0x000000008ac00000, 0x000000008ac00000| Untracked 
| 173|0x000000008ad00000, 0x000000008ad00000, 0x000000008ae00000|  0%| F|  |TAMS 0x000000008ad00000, 0x000000008ad00000| Untracked 
| 174|0x000000008ae00000, 0x000000008ae00000, 0x000000008af00000|  0%| F|  |TAMS 0x000000008ae00000, 0x000000008ae00000| Untracked 
| 175|0x000000008af00000, 0x000000008af00000, 0x000000008b000000|  0%| F|  |TAMS 0x000000008af00000, 0x000000008af00000| Untracked 
| 176|0x000000008b000000, 0x000000008b000000, 0x000000008b100000|  0%| F|  |TAMS 0x000000008b000000, 0x000000008b000000| Untracked 
| 177|0x000000008b100000, 0x000000008b100000, 0x000000008b200000|  0%| F|  |TAMS 0x000000008b100000, 0x000000008b100000| Untracked 
| 178|0x000000008b200000, 0x000000008b200000, 0x000000008b300000|  0%| F|  |TAMS 0x000000008b200000, 0x000000008b200000| Untracked 
| 179|0x000000008b300000, 0x000000008b300000, 0x000000008b400000|  0%| F|  |TAMS 0x000000008b300000, 0x000000008b300000| Untracked 
| 180|0x000000008b400000, 0x000000008b400000, 0x000000008b500000|  0%| F|  |TAMS 0x000000008b400000, 0x000000008b400000| Untracked 
| 181|0x000000008b500000, 0x000000008b500000, 0x000000008b600000|  0%| F|  |TAMS 0x000000008b500000, 0x000000008b500000| Untracked 
| 182|0x000000008b600000, 0x000000008b600000, 0x000000008b700000|  0%| F|  |TAMS 0x000000008b600000, 0x000000008b600000| Untracked 
| 183|0x000000008b700000, 0x000000008b700000, 0x000000008b800000|  0%| F|  |TAMS 0x000000008b700000, 0x000000008b700000| Untracked 
| 184|0x000000008b800000, 0x000000008b800000, 0x000000008b900000|  0%| F|  |TAMS 0x000000008b800000, 0x000000008b800000| Untracked 
| 185|0x000000008b900000, 0x000000008b900000, 0x000000008ba00000|  0%| F|  |TAMS 0x000000008b900000, 0x000000008b900000| Untracked 
| 186|0x000000008ba00000, 0x000000008ba00000, 0x000000008bb00000|  0%| F|  |TAMS 0x000000008ba00000, 0x000000008ba00000| Untracked 
| 187|0x000000008bb00000, 0x000000008bb00000, 0x000000008bc00000|  0%| F|  |TAMS 0x000000008bb00000, 0x000000008bb00000| Untracked 
| 188|0x000000008bc00000, 0x000000008bc00000, 0x000000008bd00000|  0%| F|  |TAMS 0x000000008bc00000, 0x000000008bc00000| Untracked 
| 189|0x000000008bd00000, 0x000000008bd00000, 0x000000008be00000|  0%| F|  |TAMS 0x000000008bd00000, 0x000000008bd00000| Untracked 
| 190|0x000000008be00000, 0x000000008be00000, 0x000000008bf00000|  0%| F|  |TAMS 0x000000008be00000, 0x000000008be00000| Untracked 
| 191|0x000000008bf00000, 0x000000008bf00000, 0x000000008c000000|  0%| F|  |TAMS 0x000000008bf00000, 0x000000008bf00000| Untracked 
| 192|0x000000008c000000, 0x000000008c000000, 0x000000008c100000|  0%| F|  |TAMS 0x000000008c000000, 0x000000008c000000| Untracked 
| 193|0x000000008c100000, 0x000000008c100000, 0x000000008c200000|  0%| F|  |TAMS 0x000000008c100000, 0x000000008c100000| Untracked 
| 194|0x000000008c200000, 0x000000008c200000, 0x000000008c300000|  0%| F|  |TAMS 0x000000008c200000, 0x000000008c200000| Untracked 
| 195|0x000000008c300000, 0x000000008c300000, 0x000000008c400000|  0%| F|  |TAMS 0x000000008c300000, 0x000000008c300000| Untracked 
| 196|0x000000008c400000, 0x000000008c400000, 0x000000008c500000|  0%| F|  |TAMS 0x000000008c400000, 0x000000008c400000| Untracked 
| 197|0x000000008c500000, 0x000000008c500000, 0x000000008c600000|  0%| F|  |TAMS 0x000000008c500000, 0x000000008c500000| Untracked 
| 198|0x000000008c600000, 0x000000008c600000, 0x000000008c700000|  0%| F|  |TAMS 0x000000008c600000, 0x000000008c600000| Untracked 
| 199|0x000000008c700000, 0x000000008c700000, 0x000000008c800000|  0%| F|  |TAMS 0x000000008c700000, 0x000000008c700000| Untracked 
| 200|0x000000008c800000, 0x000000008c800000, 0x000000008c900000|  0%| F|  |TAMS 0x000000008c800000, 0x000000008c800000| Untracked 
| 201|0x000000008c900000, 0x000000008c900000, 0x000000008ca00000|  0%| F|  |TAMS 0x000000008c900000, 0x000000008c900000| Untracked 
| 202|0x000000008ca00000, 0x000000008ca00000, 0x000000008cb00000|  0%| F|  |TAMS 0x000000008ca00000, 0x000000008ca00000| Untracked 
| 203|0x000000008cb00000, 0x000000008cb00000, 0x000000008cc00000|  0%| F|  |TAMS 0x000000008cb00000, 0x000000008cb00000| Untracked 
| 204|0x000000008cc00000, 0x000000008cc00000, 0x000000008cd00000|  0%| F|  |TAMS 0x000000008cc00000, 0x000000008cc00000| Untracked 
| 205|0x000000008cd00000, 0x000000008cd00000, 0x000000008ce00000|  0%| F|  |TAMS 0x000000008cd00000, 0x000000008cd00000| Untracked 
| 206|0x000000008ce00000, 0x000000008ce00000, 0x000000008cf00000|  0%| F|  |TAMS 0x000000008ce00000, 0x000000008ce00000| Untracked 
| 207|0x000000008cf00000, 0x000000008cf00000, 0x000000008d000000|  0%| F|  |TAMS 0x000000008cf00000, 0x000000008cf00000| Untracked 
| 208|0x000000008d000000, 0x000000008d000000, 0x000000008d100000|  0%| F|  |TAMS 0x000000008d000000, 0x000000008d000000| Untracked 
| 209|0x000000008d100000, 0x000000008d100000, 0x000000008d200000|  0%| F|  |TAMS 0x000000008d100000, 0x000000008d100000| Untracked 
| 210|0x000000008d200000, 0x000000008d200000, 0x000000008d300000|  0%| F|  |TAMS 0x000000008d200000, 0x000000008d200000| Untracked 
| 211|0x000000008d300000, 0x000000008d300000, 0x000000008d400000|  0%| F|  |TAMS 0x000000008d300000, 0x000000008d300000| Untracked 
| 212|0x000000008d400000, 0x000000008d400000, 0x000000008d500000|  0%| F|  |TAMS 0x000000008d400000, 0x000000008d400000| Untracked 
| 213|0x000000008d500000, 0x000000008d500000, 0x000000008d600000|  0%| F|  |TAMS 0x000000008d500000, 0x000000008d500000| Untracked 
| 214|0x000000008d600000, 0x000000008d600000, 0x000000008d700000|  0%| F|  |TAMS 0x000000008d600000, 0x000000008d600000| Untracked 
| 215|0x000000008d700000, 0x000000008d700000, 0x000000008d800000|  0%| F|  |TAMS 0x000000008d700000, 0x000000008d700000| Untracked 
| 216|0x000000008d800000, 0x000000008d800000, 0x000000008d900000|  0%| F|  |TAMS 0x000000008d800000, 0x000000008d800000| Untracked 
| 217|0x000000008d900000, 0x000000008d900000, 0x000000008da00000|  0%| F|  |TAMS 0x000000008d900000, 0x000000008d900000| Untracked 
| 218|0x000000008da00000, 0x000000008da00000, 0x000000008db00000|  0%| F|  |TAMS 0x000000008da00000, 0x000000008da00000| Untracked 
| 219|0x000000008db00000, 0x000000008db80e08, 0x000000008dc00000| 50%| S|CS|TAMS 0x000000008db00000, 0x000000008db00000| Complete 
| 220|0x000000008dc00000, 0x000000008dd00000, 0x000000008dd00000|100%| S|CS|TAMS 0x000000008dc00000, 0x000000008dc00000| Complete 
| 221|0x000000008dd00000, 0x000000008de00000, 0x000000008de00000|100%| S|CS|TAMS 0x000000008dd00000, 0x000000008dd00000| Complete 
| 222|0x000000008de00000, 0x000000008df00000, 0x000000008df00000|100%| S|CS|TAMS 0x000000008de00000, 0x000000008de00000| Complete 
| 223|0x000000008df00000, 0x000000008df00000, 0x000000008e000000|  0%| F|  |TAMS 0x000000008df00000, 0x000000008df00000| Untracked 
| 224|0x000000008e000000, 0x000000008e000000, 0x000000008e100000|  0%| F|  |TAMS 0x000000008e000000, 0x000000008e000000| Untracked 
| 225|0x000000008e100000, 0x000000008e100000, 0x000000008e200000|  0%| F|  |TAMS 0x000000008e100000, 0x000000008e100000| Untracked 
| 226|0x000000008e200000, 0x000000008e200000, 0x000000008e300000|  0%| F|  |TAMS 0x000000008e200000, 0x000000008e200000| Untracked 
| 227|0x000000008e300000, 0x000000008e300000, 0x000000008e400000|  0%| F|  |TAMS 0x000000008e300000, 0x000000008e300000| Untracked 
| 228|0x000000008e400000, 0x000000008e400000, 0x000000008e500000|  0%| F|  |TAMS 0x000000008e400000, 0x000000008e400000| Untracked 
| 229|0x000000008e500000, 0x000000008e500000, 0x000000008e600000|  0%| F|  |TAMS 0x000000008e500000, 0x000000008e500000| Untracked 
| 230|0x000000008e600000, 0x000000008e600000, 0x000000008e700000|  0%| F|  |TAMS 0x000000008e600000, 0x000000008e600000| Untracked 
| 231|0x000000008e700000, 0x000000008e700000, 0x000000008e800000|  0%| F|  |TAMS 0x000000008e700000, 0x000000008e700000| Untracked 
| 232|0x000000008e800000, 0x000000008e800000, 0x000000008e900000|  0%| F|  |TAMS 0x000000008e800000, 0x000000008e800000| Untracked 
| 233|0x000000008e900000, 0x000000008e900000, 0x000000008ea00000|  0%| F|  |TAMS 0x000000008e900000, 0x000000008e900000| Untracked 
| 234|0x000000008ea00000, 0x000000008ea00000, 0x000000008eb00000|  0%| F|  |TAMS 0x000000008ea00000, 0x000000008ea00000| Untracked 
| 235|0x000000008eb00000, 0x000000008eb00000, 0x000000008ec00000|  0%| F|  |TAMS 0x000000008eb00000, 0x000000008eb00000| Untracked 
| 236|0x000000008ec00000, 0x000000008ec00000, 0x000000008ed00000|  0%| F|  |TAMS 0x000000008ec00000, 0x000000008ec00000| Untracked 
| 237|0x000000008ed00000, 0x000000008ed00000, 0x000000008ee00000|  0%| F|  |TAMS 0x000000008ed00000, 0x000000008ed00000| Untracked 
| 238|0x000000008ee00000, 0x000000008ee00000, 0x000000008ef00000|  0%| F|  |TAMS 0x000000008ee00000, 0x000000008ee00000| Untracked 
| 239|0x000000008ef00000, 0x000000008ef00000, 0x000000008f000000|  0%| F|  |TAMS 0x000000008ef00000, 0x000000008ef00000| Untracked 
| 240|0x000000008f000000, 0x000000008f000000, 0x000000008f100000|  0%| F|  |TAMS 0x000000008f000000, 0x000000008f000000| Untracked 
| 241|0x000000008f100000, 0x000000008f100000, 0x000000008f200000|  0%| F|  |TAMS 0x000000008f100000, 0x000000008f100000| Untracked 
| 242|0x000000008f200000, 0x000000008f200000, 0x000000008f300000|  0%| F|  |TAMS 0x000000008f200000, 0x000000008f200000| Untracked 
| 243|0x000000008f300000, 0x000000008f300000, 0x000000008f400000|  0%| F|  |TAMS 0x000000008f300000, 0x000000008f300000| Untracked 
| 244|0x000000008f400000, 0x000000008f400000, 0x000000008f500000|  0%| F|  |TAMS 0x000000008f400000, 0x000000008f400000| Untracked 
| 245|0x000000008f500000, 0x000000008f500000, 0x000000008f600000|  0%| F|  |TAMS 0x000000008f500000, 0x000000008f500000| Untracked 
| 246|0x000000008f600000, 0x000000008f600000, 0x000000008f700000|  0%| F|  |TAMS 0x000000008f600000, 0x000000008f600000| Untracked 
| 247|0x000000008f700000, 0x000000008f700000, 0x000000008f800000|  0%| F|  |TAMS 0x000000008f700000, 0x000000008f700000| Untracked 
| 248|0x000000008f800000, 0x000000008f800000, 0x000000008f900000|  0%| F|  |TAMS 0x000000008f800000, 0x000000008f800000| Untracked 
| 249|0x000000008f900000, 0x000000008f900000, 0x000000008fa00000|  0%| F|  |TAMS 0x000000008f900000, 0x000000008f900000| Untracked 
| 250|0x000000008fa00000, 0x000000008fa00000, 0x000000008fb00000|  0%| F|  |TAMS 0x000000008fa00000, 0x000000008fa00000| Untracked 
| 251|0x000000008fb00000, 0x000000008fb00000, 0x000000008fc00000|  0%| F|  |TAMS 0x000000008fb00000, 0x000000008fb00000| Untracked 
| 252|0x000000008fc00000, 0x000000008fc00000, 0x000000008fd00000|  0%| F|  |TAMS 0x000000008fc00000, 0x000000008fc00000| Untracked 
| 253|0x000000008fd00000, 0x000000008fd00000, 0x000000008fe00000|  0%| F|  |TAMS 0x000000008fd00000, 0x000000008fd00000| Untracked 
| 254|0x000000008fe00000, 0x000000008fe00000, 0x000000008ff00000|  0%| F|  |TAMS 0x000000008fe00000, 0x000000008fe00000| Untracked 
| 255|0x000000008ff00000, 0x000000008ff00000, 0x0000000090000000|  0%| F|  |TAMS 0x000000008ff00000, 0x000000008ff00000| Untracked 
| 256|0x0000000090000000, 0x0000000090000000, 0x0000000090100000|  0%| F|  |TAMS 0x0000000090000000, 0x0000000090000000| Untracked 
| 257|0x0000000090100000, 0x0000000090100000, 0x0000000090200000|  0%| F|  |TAMS 0x0000000090100000, 0x0000000090100000| Untracked 
| 258|0x0000000090200000, 0x0000000090200000, 0x0000000090300000|  0%| F|  |TAMS 0x0000000090200000, 0x0000000090200000| Untracked 
| 259|0x0000000090300000, 0x0000000090300000, 0x0000000090400000|  0%| F|  |TAMS 0x0000000090300000, 0x0000000090300000| Untracked 
| 260|0x0000000090400000, 0x0000000090400000, 0x0000000090500000|  0%| F|  |TAMS 0x0000000090400000, 0x0000000090400000| Untracked 
| 261|0x0000000090500000, 0x0000000090500000, 0x0000000090600000|  0%| F|  |TAMS 0x0000000090500000, 0x0000000090500000| Untracked 
| 262|0x0000000090600000, 0x0000000090600000, 0x0000000090700000|  0%| F|  |TAMS 0x0000000090600000, 0x0000000090600000| Untracked 
| 263|0x0000000090700000, 0x0000000090700000, 0x0000000090800000|  0%| F|  |TAMS 0x0000000090700000, 0x0000000090700000| Untracked 
| 264|0x0000000090800000, 0x0000000090800000, 0x0000000090900000|  0%| F|  |TAMS 0x0000000090800000, 0x0000000090800000| Untracked 
| 265|0x0000000090900000, 0x0000000090900000, 0x0000000090a00000|  0%| F|  |TAMS 0x0000000090900000, 0x0000000090900000| Untracked 
| 266|0x0000000090a00000, 0x0000000090a00000, 0x0000000090b00000|  0%| F|  |TAMS 0x0000000090a00000, 0x0000000090a00000| Untracked 
| 267|0x0000000090b00000, 0x0000000090b00000, 0x0000000090c00000|  0%| F|  |TAMS 0x0000000090b00000, 0x0000000090b00000| Untracked 
| 268|0x0000000090c00000, 0x0000000090c00000, 0x0000000090d00000|  0%| F|  |TAMS 0x0000000090c00000, 0x0000000090c00000| Untracked 
| 269|0x0000000090d00000, 0x0000000090d00000, 0x0000000090e00000|  0%| F|  |TAMS 0x0000000090d00000, 0x0000000090d00000| Untracked 
| 270|0x0000000090e00000, 0x0000000090e00000, 0x0000000090f00000|  0%| F|  |TAMS 0x0000000090e00000, 0x0000000090e00000| Untracked 
| 271|0x0000000090f00000, 0x0000000090f00000, 0x0000000091000000|  0%| F|  |TAMS 0x0000000090f00000, 0x0000000090f00000| Untracked 
| 272|0x0000000091000000, 0x0000000091000000, 0x0000000091100000|  0%| F|  |TAMS 0x0000000091000000, 0x0000000091000000| Untracked 
| 273|0x0000000091100000, 0x0000000091100000, 0x0000000091200000|  0%| F|  |TAMS 0x0000000091100000, 0x0000000091100000| Untracked 
| 274|0x0000000091200000, 0x0000000091200000, 0x0000000091300000|  0%| F|  |TAMS 0x0000000091200000, 0x0000000091200000| Untracked 
| 275|0x0000000091300000, 0x0000000091300000, 0x0000000091400000|  0%| F|  |TAMS 0x0000000091300000, 0x0000000091300000| Untracked 
| 276|0x0000000091400000, 0x0000000091400000, 0x0000000091500000|  0%| F|  |TAMS 0x0000000091400000, 0x0000000091400000| Untracked 
| 277|0x0000000091500000, 0x0000000091500000, 0x0000000091600000|  0%| F|  |TAMS 0x0000000091500000, 0x0000000091500000| Untracked 
| 278|0x0000000091600000, 0x0000000091600000, 0x0000000091700000|  0%| F|  |TAMS 0x0000000091600000, 0x0000000091600000| Untracked 
| 279|0x0000000091700000, 0x0000000091700000, 0x0000000091800000|  0%| F|  |TAMS 0x0000000091700000, 0x0000000091700000| Untracked 
| 280|0x0000000091800000, 0x0000000091800000, 0x0000000091900000|  0%| F|  |TAMS 0x0000000091800000, 0x0000000091800000| Untracked 
| 281|0x0000000091900000, 0x0000000091900000, 0x0000000091a00000|  0%| F|  |TAMS 0x0000000091900000, 0x0000000091900000| Untracked 
| 282|0x0000000091a00000, 0x0000000091a00000, 0x0000000091b00000|  0%| F|  |TAMS 0x0000000091a00000, 0x0000000091a00000| Untracked 
| 283|0x0000000091b00000, 0x0000000091b00000, 0x0000000091c00000|  0%| F|  |TAMS 0x0000000091b00000, 0x0000000091b00000| Untracked 
| 284|0x0000000091c00000, 0x0000000091c00000, 0x0000000091d00000|  0%| F|  |TAMS 0x0000000091c00000, 0x0000000091c00000| Untracked 
| 285|0x0000000091d00000, 0x0000000091d00000, 0x0000000091e00000|  0%| F|  |TAMS 0x0000000091d00000, 0x0000000091d00000| Untracked 
| 286|0x0000000091e00000, 0x0000000091e00000, 0x0000000091f00000|  0%| F|  |TAMS 0x0000000091e00000, 0x0000000091e00000| Untracked 

Card table byte_map: [0x00000264a58f0000,0x00000264a5cf0000] _byte_map_base: 0x00000264a54f0000

Marking Bits (Prev, Next): (CMBitMap*) 0x0000026490e33e80, (CMBitMap*) 0x0000026490e33e40
 Prev Bits: [0x00000264a80f0000, 0x00000264aa0f0000)
 Next Bits: [0x00000264a60f0000, 0x00000264a80f0000)

Polling page: 0x0000026490e90000

Metaspace:

Usage:
  Non-class:     80.37 MB used.
      Class:     12.96 MB used.
       Both:     93.33 MB used.

Virtual space:
  Non-class space:      128.00 MB reserved,      80.75 MB ( 63%) committed,  2 nodes.
      Class space:        1.00 GB reserved,      13.31 MB (  1%) committed,  1 nodes.
             Both:        1.12 GB reserved,      94.06 MB (  8%) committed. 

Chunk freelists:
   Non-Class:  14.67 MB
       Class:  2.64 MB
        Both:  17.31 MB

MaxMetaspaceSize: unlimited
CompressedClassSpaceSize: 1.00 GB
Initial GC threshold: 21.00 MB
Current GC threshold: 156.69 MB
CDS: off
MetaspaceReclaimPolicy: balanced
 - commit_granule_bytes: 65536.
 - commit_granule_words: 8192.
 - virtual_space_node_default_size: 8388608.
 - enlarge_chunks_in_place: 1.
 - new_chunks_are_fully_committed: 0.
 - uncommit_free_chunks: 1.
 - use_allocation_guard: 0.
 - handle_deallocations: 1.


Internal statistics:

num_allocs_failed_limit: 3.
num_arena_births: 1050.
num_arena_deaths: 0.
num_vsnodes_births: 3.
num_vsnodes_deaths: 0.
num_space_committed: 1505.
num_space_uncommitted: 0.
num_chunks_returned_to_freelist: 3.
num_chunks_taken_from_freelist: 4700.
num_chunk_merges: 3.
num_chunk_splits: 3076.
num_chunks_enlarged: 2019.
num_inconsistent_stats: 0.

CodeHeap 'non-profiled nmethods': size=120000Kb used=5855Kb max_used=5855Kb free=114144Kb
 bounds [0x000002649d540000, 0x000002649db00000, 0x00000264a4a70000]
CodeHeap 'profiled nmethods': size=120000Kb used=15766Kb max_used=17833Kb free=104233Kb
 bounds [0x0000026495a70000, 0x0000026496be0000, 0x000002649cfa0000]
CodeHeap 'non-nmethods': size=5760Kb used=2410Kb max_used=2462Kb free=3349Kb
 bounds [0x000002649cfa0000, 0x000002649d210000, 0x000002649d540000]
 total_blobs=9442 nmethods=8507 adapters=847
 compilation: enabled
              stopped_count=0, restarted_count=0
 full_count=0

Compilation events (20 events):
Event: 11.853 Thread 0x00000264b5cf2b60 10004       4       org.gradle.internal.snapshot.MerkleDirectorySnapshotBuilder::enterDirectory (23 bytes)
Event: 11.853 Thread 0x00000264b10659b0 10003       4       org.gradle.internal.snapshot.impl.FilteredTrackingMerkleDirectorySnapshotBuilder::enterDirectory (28 bytes)
Event: 11.857 Thread 0x00000264b5cf2b60 nmethod 10004 0x000002649daec790 code [0x000002649daec940, 0x000002649daecde8]
Event: 11.857 Thread 0x00000264b5cf2b60 10005       4       org.gradle.internal.snapshot.MerkleDirectorySnapshotBuilder$Directory::<init> (43 bytes)
Event: 11.859 Thread 0x00000264b10659b0 nmethod 10003 0x000002649daed010 code [0x000002649daed1e0, 0x000002649daed8d8]
Event: 11.860 Thread 0x00000264b5cf2b60 nmethod 10005 0x000002649daedc90 code [0x000002649daede20, 0x000002649daee458]
Event: 11.919 Thread 0x00000264b5cf2b60 10006       4       org.gradle.cache.internal.DefaultCacheCoordinator$UnitOfWorkFileAccess::readFile (14 bytes)
Event: 11.919 Thread 0x00000264b10659b0 10007   !   4       org.gradle.cache.internal.DefaultMultiProcessSafeIndexedCache::getIfPresent (25 bytes)
Event: 11.925 Thread 0x00000264b5cf2b60 nmethod 10006 0x000002649daee510 code [0x000002649daee700, 0x000002649daeede8]
Event: 11.933 Thread 0x00000264b10659b0 nmethod 10007 0x000002649daef390 code [0x000002649daef600, 0x000002649daf0670]
Event: 11.999 Thread 0x00000264b5cf2b60 10008   !   4       sun.nio.fs.WindowsDirectoryStream::iterator (66 bytes)
Event: 11.999 Thread 0x00000264b10659b0 10009       4       sun.nio.fs.WindowsDirectoryStream$WindowsDirectoryIterator::<init> (73 bytes)
Event: 12.005 Thread 0x00000264b10659b0 nmethod 10009 0x000002649daf1210 code [0x000002649daf13c0, 0x000002649daf19f8]
Event: 12.005 Thread 0x00000264b10659b0 10012       4       org.gradle.internal.snapshot.impl.DirectorySnapshotter$PathVisitor::doPreVisitDirectory (82 bytes)
Event: 12.006 Thread 0x00000264b5cf2b60 nmethod 10008 0x000002649daf1d10 code [0x000002649daf1ec0, 0x000002649daf26b8]
Event: 12.006 Thread 0x00000264b5cf2b60 10011       4       org.gradle.internal.snapshot.impl.DirectorySnapshotterStatistics$CollectingFileVisitor::preVisitDirectory (10 bytes)
Event: 12.032 Thread 0x00000264b10659b0 nmethod 10012 0x000002649daf2b10 code [0x000002649daf2de0, 0x000002649daf41f0]
Event: 12.032 Thread 0x00000264b10659b0 10010       4       sun.nio.fs.WindowsPath::needsSlashWhenResolving (37 bytes)
Event: 12.033 Thread 0x00000264b5cf2b60 nmethod 10011 0x000002649daf5210 code [0x000002649daf54e0, 0x000002649daf68b0]
Event: 12.034 Thread 0x00000264b10659b0 nmethod 10010 0x000002649daf7910 code [0x000002649daf7aa0, 0x000002649daf7c18]

GC Heap History (20 events):
Event: 8.941 GC heap after
{Heap after GC invocations=47 (full 0):
 garbage-first heap   total 199680K, used 116792K [0x0000000080000000, 0x0000000100000000)
  region size 1024K, 6 young (6144K), 6 survivors (6144K)
 Metaspace       used 89948K, committed 90688K, reserved 1179648K
  class space    used 12455K, committed 12800K, reserved 1048576K
}
Event: 9.061 GC heap before
{Heap before GC invocations=48 (full 0):
 garbage-first heap   total 204800K, used 124984K [0x0000000080000000, 0x0000000100000000)
  region size 1024K, 15 young (15360K), 6 survivors (6144K)
 Metaspace       used 90883K, committed 91648K, reserved 1179648K
  class space    used 12569K, committed 12928K, reserved 1048576K
}
Event: 9.064 GC heap after
{Heap after GC invocations=49 (full 0):
 garbage-first heap   total 204800K, used 117492K [0x0000000080000000, 0x0000000100000000)
  region size 1024K, 3 young (3072K), 3 survivors (3072K)
 Metaspace       used 90883K, committed 91648K, reserved 1179648K
  class space    used 12569K, committed 12928K, reserved 1048576K
}
Event: 9.557 GC heap before
{Heap before GC invocations=50 (full 0):
 garbage-first heap   total 240640K, used 193268K [0x0000000080000000, 0x0000000100000000)
  region size 1024K, 57 young (58368K), 3 survivors (3072K)
 Metaspace       used 94662K, committed 95488K, reserved 1179648K
  class space    used 13152K, committed 13568K, reserved 1048576K
}
Event: 9.563 GC heap after
{Heap after GC invocations=51 (full 0):
 garbage-first heap   total 288768K, used 146407K [0x0000000080000000, 0x0000000100000000)
  region size 1024K, 8 young (8192K), 8 survivors (8192K)
 Metaspace       used 94662K, committed 95488K, reserved 1179648K
  class space    used 13152K, committed 13568K, reserved 1048576K
}
Event: 9.587 GC heap before
{Heap before GC invocations=51 (full 0):
 garbage-first heap   total 288768K, used 152551K [0x0000000080000000, 0x0000000100000000)
  region size 1024K, 14 young (14336K), 8 survivors (8192K)
 Metaspace       used 94713K, committed 95488K, reserved 1179648K
  class space    used 13158K, committed 13568K, reserved 1048576K
}
Event: 9.590 GC heap after
{Heap after GC invocations=52 (full 0):
 garbage-first heap   total 288768K, used 147441K [0x0000000080000000, 0x0000000100000000)
  region size 1024K, 1 young (1024K), 1 survivors (1024K)
 Metaspace       used 94713K, committed 95488K, reserved 1179648K
  class space    used 13158K, committed 13568K, reserved 1048576K
}
Event: 9.707 GC heap before
{Heap before GC invocations=52 (full 0):
 garbage-first heap   total 288768K, used 157681K [0x0000000080000000, 0x0000000100000000)
  region size 1024K, 13 young (13312K), 1 survivors (1024K)
 Metaspace       used 95495K, committed 96256K, reserved 1179648K
  class space    used 13263K, committed 13632K, reserved 1048576K
}
Event: 9.709 GC heap after
{Heap after GC invocations=53 (full 0):
 garbage-first heap   total 288768K, used 147619K [0x0000000080000000, 0x0000000100000000)
  region size 1024K, 1 young (1024K), 1 survivors (1024K)
 Metaspace       used 95495K, committed 96256K, reserved 1179648K
  class space    used 13263K, committed 13632K, reserved 1048576K
}
Event: 10.131 GC heap before
{Heap before GC invocations=54 (full 0):
 garbage-first heap   total 288768K, used 216227K [0x0000000080000000, 0x0000000100000000)
  region size 1024K, 65 young (66560K), 1 survivors (1024K)
 Metaspace       used 95519K, committed 96256K, reserved 1179648K
  class space    used 13264K, committed 13632K, reserved 1048576K
}
Event: 10.140 GC heap after
{Heap after GC invocations=55 (full 0):
 garbage-first heap   total 288768K, used 166077K [0x0000000080000000, 0x0000000100000000)
  region size 1024K, 9 young (9216K), 9 survivors (9216K)
 Metaspace       used 95519K, committed 96256K, reserved 1179648K
  class space    used 13264K, committed 13632K, reserved 1048576K
}
Event: 10.216 GC heap before
{Heap before GC invocations=55 (full 0):
 garbage-first heap   total 288768K, used 171197K [0x0000000080000000, 0x0000000100000000)
  region size 1024K, 14 young (14336K), 9 survivors (9216K)
 Metaspace       used 95519K, committed 96256K, reserved 1179648K
  class space    used 13264K, committed 13632K, reserved 1048576K
}
Event: 10.221 GC heap after
{Heap after GC invocations=56 (full 0):
 garbage-first heap   total 288768K, used 167458K [0x0000000080000000, 0x0000000100000000)
  region size 1024K, 2 young (2048K), 2 survivors (2048K)
 Metaspace       used 95519K, committed 96256K, reserved 1179648K
  class space    used 13264K, committed 13632K, reserved 1048576K
}
Event: 10.725 GC heap before
{Heap before GC invocations=56 (full 0):
 garbage-first heap   total 288768K, used 224802K [0x0000000080000000, 0x0000000100000000)
  region size 1024K, 58 young (59392K), 2 survivors (2048K)
 Metaspace       used 95520K, committed 96256K, reserved 1179648K
  class space    used 13265K, committed 13632K, reserved 1048576K
}
Event: 10.728 GC heap after
{Heap after GC invocations=57 (full 0):
 garbage-first heap   total 288768K, used 169323K [0x0000000080000000, 0x0000000100000000)
  region size 1024K, 3 young (3072K), 3 survivors (3072K)
 Metaspace       used 95520K, committed 96256K, reserved 1179648K
  class space    used 13265K, committed 13632K, reserved 1048576K
}
Event: 11.692 GC heap before
{Heap before GC invocations=58 (full 0):
 garbage-first heap   total 293888K, used 228715K [0x0000000080000000, 0x0000000100000000)
  region size 1024K, 61 young (62464K), 3 survivors (3072K)
 Metaspace       used 95569K, committed 96320K, reserved 1179648K
  class space    used 13275K, committed 13632K, reserved 1048576K
}
Event: 11.695 GC heap after
{Heap after GC invocations=59 (full 0):
 garbage-first heap   total 293888K, used 171906K [0x0000000080000000, 0x0000000100000000)
  region size 1024K, 6 young (6144K), 6 survivors (6144K)
 Metaspace       used 95569K, committed 96320K, reserved 1179648K
  class space    used 13275K, committed 13632K, reserved 1048576K
}
Event: 11.804 GC heap before
{Heap before GC invocations=59 (full 0):
 garbage-first heap   total 293888K, used 180098K [0x0000000080000000, 0x0000000100000000)
  region size 1024K, 14 young (14336K), 6 survivors (6144K)
 Metaspace       used 95569K, committed 96320K, reserved 1179648K
  class space    used 13275K, committed 13632K, reserved 1048576K
}
Event: 11.807 GC heap after
{Heap after GC invocations=60 (full 0):
 garbage-first heap   total 293888K, used 172274K [0x0000000080000000, 0x0000000100000000)
  region size 1024K, 1 young (1024K), 1 survivors (1024K)
 Metaspace       used 95569K, committed 96320K, reserved 1179648K
  class space    used 13275K, committed 13632K, reserved 1048576K
}
Event: 12.488 GC heap before
{Heap before GC invocations=60 (full 0):
 garbage-first heap   total 293888K, used 236786K [0x0000000080000000, 0x0000000100000000)
  region size 1024K, 64 young (65536K), 1 survivors (1024K)
 Metaspace       used 95569K, committed 96320K, reserved 1179648K
  class space    used 13275K, committed 13632K, reserved 1048576K
}

Dll operation events (3 events):
Event: 0.005 Loaded shared library C:\Program Files\Android\Android Studio\jbr\bin\java.dll
Event: 0.106 Loaded shared library C:\Program Files\Android\Android Studio\jbr\bin\zip.dll
Event: 0.329 Loaded shared library C:\Program Files\Android\Android Studio\jbr\bin\verify.dll

Deoptimization events (20 events):
Event: 11.433 Thread 0x00000264b2a1b8a0 Uncommon trap: trap_request=0xffffffde fr.pc=0x000002649d68d80c relative=0x000000000000024c
Event: 11.433 Thread 0x00000264b2a1b8a0 Uncommon trap: reason=class_check action=maybe_recompile pc=0x000002649d68d80c method=org.gradle.internal.serialize.AbstractDecoder.readBytes([B)V @ 5 c2
Event: 11.433 Thread 0x00000264b2a1b8a0 DEOPT PACKING pc=0x000002649d68d80c sp=0x000000f74e1fe8d0
Event: 11.433 Thread 0x00000264b2a1b8a0 DEOPT UNPACKING pc=0x000002649cffa1a3 sp=0x000000f74e1fe8a8 mode 2
Event: 11.433 Thread 0x00000264b2a1b8a0 Uncommon trap: trap_request=0xffffffde fr.pc=0x000002649da92f9c relative=0x00000000000007dc
Event: 11.433 Thread 0x00000264b2a1b8a0 Uncommon trap: reason=class_check action=maybe_recompile pc=0x000002649da92f9c method=org.gradle.internal.serialize.AbstractDecoder.readBinary()[B @ 1 c2
Event: 11.433 Thread 0x00000264b2a1b8a0 DEOPT PACKING pc=0x000002649da92f9c sp=0x000000f74e1fe950
Event: 11.433 Thread 0x00000264b2a1b8a0 DEOPT UNPACKING pc=0x000002649cffa1a3 sp=0x000000f74e1fe930 mode 2
Event: 11.433 Thread 0x00000264b2a1b8a0 Uncommon trap: trap_request=0xffffffde fr.pc=0x000002649d68d80c relative=0x000000000000024c
Event: 11.433 Thread 0x00000264b2a1b8a0 Uncommon trap: reason=class_check action=maybe_recompile pc=0x000002649d68d80c method=org.gradle.internal.serialize.AbstractDecoder.readBytes([B)V @ 5 c2
Event: 11.433 Thread 0x00000264b2a1b8a0 DEOPT PACKING pc=0x000002649d68d80c sp=0x000000f74e1fe8d0
Event: 11.433 Thread 0x00000264b2a1b8a0 DEOPT UNPACKING pc=0x000002649cffa1a3 sp=0x000000f74e1fe8a8 mode 2
Event: 11.433 Thread 0x00000264b2a1b8a0 Uncommon trap: trap_request=0xffffffde fr.pc=0x000002649da92f9c relative=0x00000000000007dc
Event: 11.433 Thread 0x00000264b2a1b8a0 Uncommon trap: reason=class_check action=maybe_recompile pc=0x000002649da92f9c method=org.gradle.internal.serialize.AbstractDecoder.readBinary()[B @ 1 c2
Event: 11.433 Thread 0x00000264b2a1b8a0 DEOPT PACKING pc=0x000002649da92f9c sp=0x000000f74e1fe950
Event: 11.433 Thread 0x00000264b2a1b8a0 DEOPT UNPACKING pc=0x000002649cffa1a3 sp=0x000000f74e1fe930 mode 2
Event: 11.433 Thread 0x00000264b2a1b8a0 Uncommon trap: trap_request=0xffffffde fr.pc=0x000002649d68d80c relative=0x000000000000024c
Event: 11.433 Thread 0x00000264b2a1b8a0 Uncommon trap: reason=class_check action=maybe_recompile pc=0x000002649d68d80c method=org.gradle.internal.serialize.AbstractDecoder.readBytes([B)V @ 5 c2
Event: 11.433 Thread 0x00000264b2a1b8a0 DEOPT PACKING pc=0x000002649d68d80c sp=0x000000f74e1fe8d0
Event: 11.433 Thread 0x00000264b2a1b8a0 DEOPT UNPACKING pc=0x000002649cffa1a3 sp=0x000000f74e1fe8a8 mode 2

Classes unloaded (0 events):
No events

Classes redefined (0 events):
No events

Internal exceptions (20 events):
Event: 9.575 Thread 0x00000264b1f3dbb0 Exception <a 'java/lang/ClassNotFoundException'{0x00000000915580d0}: org/codehaus/groovy/runtime/NullObjectCustomizer> (0x00000000915580d0) 
thrown [s\src\hotspot\share\classfile\systemDictionary.cpp, line 256]
Event: 9.578 Thread 0x00000264b1f3dbb0 Exception <a 'java/lang/ClassNotFoundException'{0x000000009157c680}: org/gradle/internal/service/scopes/ProjectScopeServicesBeanInfo> (0x000000009157c680) 
thrown [s\src\hotspot\share\classfile\systemDictionary.cpp, line 256]
Event: 9.579 Thread 0x00000264b1f3dbb0 Exception <a 'java/lang/ClassNotFoundException'{0x0000000091584e38}: org/gradle/internal/service/scopes/ProjectScopeServicesCustomizer> (0x0000000091584e38) 
thrown [s\src\hotspot\share\classfile\systemDictionary.cpp, line 256]
Event: 9.580 Thread 0x00000264b1f3dbb0 Exception <a 'java/lang/ClassNotFoundException'{0x00000000915ab5d0}: org/gradle/api/internal/catalog/DefaultDependenciesAccessorsBeanInfo> (0x00000000915ab5d0) 
thrown [s\src\hotspot\share\classfile\systemDictionary.cpp, line 256]
Event: 9.581 Thread 0x00000264b1f3dbb0 Exception <a 'java/lang/ClassNotFoundException'{0x00000000915b5d80}: org/gradle/api/internal/catalog/DefaultDependenciesAccessorsCustomizer> (0x00000000915b5d80) 
thrown [s\src\hotspot\share\classfile\systemDictionary.cpp, line 256]
Event: 9.583 Thread 0x00000264b1f3dbb0 Exception <a 'java/lang/ClassNotFoundException'{0x00000000915d5f98}: org/gradle/internal/classpath/DefaultClassPathBeanInfo> (0x00000000915d5f98) 
thrown [s\src\hotspot\share\classfile\systemDictionary.cpp, line 256]
Event: 9.583 Thread 0x00000264b1f3dbb0 Exception <a 'java/lang/ClassNotFoundException'{0x00000000915de498}: org/gradle/internal/classpath/DefaultClassPathCustomizer> (0x00000000915de498) 
thrown [s\src\hotspot\share\classfile\systemDictionary.cpp, line 256]
Event: 9.586 Thread 0x00000264b1f3dbb0 Exception <a 'java/lang/ClassNotFoundException'{0x00000000914f8d98}: org/gradle/internal/classpath/DefaultClassPath$ImmutableUniqueListBeanInfo> (0x00000000914f8d98) 
thrown [s\src\hotspot\share\classfile\systemDictionary.cpp, line 256]
Event: 9.586 Thread 0x00000264b1f3dbb0 Exception <a 'java/lang/ClassNotFoundException'{0x00000000914fd4c8}: java/util/AbstractListBeanInfo> (0x00000000914fd4c8) 
thrown [s\src\hotspot\share\classfile\systemDictionary.cpp, line 256]
Event: 9.591 Thread 0x00000264b1f3dbb0 Exception <a 'java/lang/ClassNotFoundException'{0x0000000091902110}: java/util/AbstractListCustomizer> (0x0000000091902110) 
thrown [s\src\hotspot\share\classfile\systemDictionary.cpp, line 256]
Event: 9.591 Thread 0x00000264b1f3dbb0 Exception <a 'java/lang/ClassNotFoundException'{0x0000000091915df8}: org/gradle/internal/classpath/DefaultClassPath$ImmutableUniqueListCustomizer> (0x0000000091915df8) 
thrown [s\src\hotspot\share\classfile\systemDictionary.cpp, line 256]
Event: 9.597 Thread 0x00000264b1f3dbb0 Exception <a 'java/lang/ClassNotFoundException'{0x000000009195f530}: org/jetbrains/plugins/gradle/model/DefaultDependencyAccessorsModelBeanInfo> (0x000000009195f530) 
thrown [s\src\hotspot\share\classfile\systemDictionary.cpp, line 256]
Event: 9.598 Thread 0x00000264b1f3dbb0 Exception <a 'java/lang/ClassNotFoundException'{0x0000000091967c08}: org/jetbrains/plugins/gradle/model/DefaultDependencyAccessorsModelCustomizer> (0x0000000091967c08) 
thrown [s\src\hotspot\share\classfile\systemDictionary.cpp, line 256]
Event: 9.605 Thread 0x00000264b5509ed0 Exception <a 'java/lang/NoSuchMethodError'{0x000000009188e720}: static Lorg/jetbrains/plugins/gradle/tooling/internal/VersionCatalogsModelImpl;.<clinit>()V> (0x000000009188e720) 
thrown [s\src\hotspot\share\prims\jni.cpp, line 1108]
Event: 9.617 Thread 0x00000264b1f3dbb0 Exception <a 'java/lang/ClassNotFoundException'{0x0000000091509770}: org/gradle/api/internal/tasks/DefaultSourceSetContainer_DecoratedBeanInfo> (0x0000000091509770) 
thrown [s\src\hotspot\share\classfile\systemDictionary.cpp, line 256]
Event: 9.618 Thread 0x00000264b1f3dbb0 Exception <a 'java/lang/ClassNotFoundException'{0x0000000091513c28}: org/gradle/api/internal/tasks/DefaultSourceSetContainerBeanInfo> (0x0000000091513c28) 
thrown [s\src\hotspot\share\classfile\systemDictionary.cpp, line 256]
Event: 9.618 Thread 0x00000264b1f3dbb0 Exception <a 'java/lang/ClassNotFoundException'{0x000000009151e100}: org/gradle/api/internal/tasks/DefaultSourceSetContainerCustomizer> (0x000000009151e100) 
thrown [s\src\hotspot\share\classfile\systemDictionary.cpp, line 256]
Event: 9.619 Thread 0x00000264b1f3dbb0 Exception <a 'java/lang/ClassNotFoundException'{0x00000000915341c8}: org/gradle/api/internal/tasks/DefaultSourceSetContainer_DecoratedCustomizer> (0x00000000915341c8) 
thrown [s\src\hotspot\share\classfile\systemDictionary.cpp, line 256]
Event: 9.698 Thread 0x00000264b550b6e0 Implicit null exception at 0x000002649da92aee to 0x000002649da932b0
Event: 9.704 Thread 0x00000264b550b6e0 Exception <a 'java/lang/NoSuchMethodError'{0x0000000090d847e8}: 'java.lang.Object java.lang.invoke.DirectMethodHandle$Holder.invokeSpecialIFC(java.lang.Object, java.lang.Object, java.lang.Object)'> (0x0000000090d847e8) 
thrown [s\src\hotspot\share\interpreter\linkResolver.cpp, line 771]

VM Operations (20 events):
Event: 9.788 Executing VM operation: G1Concurrent done
Event: 10.131 Executing VM operation: G1CollectForAllocation
Event: 10.140 Executing VM operation: G1CollectForAllocation done
Event: 10.216 Executing VM operation: G1CollectForAllocation
Event: 10.221 Executing VM operation: G1CollectForAllocation done
Event: 10.725 Executing VM operation: G1CollectForAllocation
Event: 10.728 Executing VM operation: G1CollectForAllocation done
Event: 10.820 Executing VM operation: G1Concurrent
Event: 10.833 Executing VM operation: G1Concurrent done
Event: 10.868 Executing VM operation: G1Concurrent
Event: 10.868 Executing VM operation: G1Concurrent done
Event: 11.442 Executing VM operation: HandshakeAllThreads
Event: 11.442 Executing VM operation: HandshakeAllThreads done
Event: 11.443 Executing VM operation: HandshakeAllThreads
Event: 11.443 Executing VM operation: HandshakeAllThreads done
Event: 11.692 Executing VM operation: G1CollectForAllocation
Event: 11.695 Executing VM operation: G1CollectForAllocation done
Event: 11.804 Executing VM operation: G1CollectForAllocation
Event: 11.807 Executing VM operation: G1CollectForAllocation done
Event: 12.488 Executing VM operation: G1CollectForAllocation

Events (20 events):
Event: 9.746 Thread 0x00000264b107f660 flushing nmethod 0x00000264968db210
Event: 9.746 Thread 0x00000264b107f660 flushing nmethod 0x00000264968dca90
Event: 9.746 Thread 0x00000264b107f660 flushing nmethod 0x0000026496923e90
Event: 9.746 Thread 0x00000264b107f660 flushing nmethod 0x0000026496985f10
Event: 9.746 Thread 0x00000264b107f660 flushing nmethod 0x000002649698ca90
Event: 9.746 Thread 0x00000264b107f660 flushing nmethod 0x00000264969deb90
Event: 9.746 Thread 0x00000264b107f660 flushing nmethod 0x00000264969e1e10
Event: 9.746 Thread 0x00000264b107f660 flushing nmethod 0x0000026496a0d090
Event: 9.746 Thread 0x00000264b107f660 flushing nmethod 0x0000026496a29810
Event: 9.746 Thread 0x00000264b107f660 flushing nmethod 0x0000026496a39e10
Event: 9.747 Thread 0x00000264b107f660 flushing nmethod 0x0000026496ad6190
Event: 9.747 Thread 0x00000264b107f660 flushing nmethod 0x0000026496b22810
Event: 9.747 Thread 0x00000264b107f660 flushing nmethod 0x0000026496b43010
Event: 9.747 Thread 0x00000264b107f660 flushing nmethod 0x0000026496b54290
Event: 10.895 Thread 0x00000264b5cf3580 Thread exited: 0x00000264b5cf3580
Event: 11.426 loading class java/util/concurrent/LinkedBlockingDeque$Itr
Event: 11.426 loading class java/util/concurrent/LinkedBlockingDeque$AbstractItr
Event: 11.426 loading class java/util/concurrent/LinkedBlockingDeque$AbstractItr done
Event: 11.426 loading class java/util/concurrent/LinkedBlockingDeque$Itr done
Event: 11.644 Thread 0x00000264b5cf2b60 Thread added: 0x00000264b5cf2b60


Dynamic libraries:
0x00007ff7b94b0000 - 0x00007ff7b94ba000 	C:\Program Files\Android\Android Studio\jbr\bin\java.exe
0x00007ffac5f70000 - 0x00007ffac6187000 	C:\WINDOWS\SYSTEM32\ntdll.dll
0x00007ffac47b0000 - 0x00007ffac4874000 	C:\WINDOWS\System32\KERNEL32.DLL
0x00007ffac3750000 - 0x00007ffac3af6000 	C:\WINDOWS\System32\KERNELBASE.dll
0x00007ffac3ba0000 - 0x00007ffac3cb1000 	C:\WINDOWS\System32\ucrtbase.dll
0x00007ffaa6a10000 - 0x00007ffaa6a27000 	C:\Program Files\Android\Android Studio\jbr\bin\jli.dll
0x00007ffab1ea0000 - 0x00007ffab1ebb000 	C:\Program Files\Android\Android Studio\jbr\bin\VCRUNTIME140.dll
0x00007ffac53c0000 - 0x00007ffac556e000 	C:\WINDOWS\System32\USER32.dll
0x00007ffac3720000 - 0x00007ffac3746000 	C:\WINDOWS\System32\win32u.dll
0x00007ffaa43e0000 - 0x00007ffaa4673000 	C:\WINDOWS\WinSxS\amd64_microsoft.windows.common-controls_6595b64144ccf1df_6.0.22621.2506_none_270c5ae97388e100\COMCTL32.dll
0x00007ffac4910000 - 0x00007ffac4939000 	C:\WINDOWS\System32\GDI32.dll
0x00007ffac5220000 - 0x00007ffac52c7000 	C:\WINDOWS\System32\msvcrt.dll
0x00007ffac3490000 - 0x00007ffac35a8000 	C:\WINDOWS\System32\gdi32full.dll
0x00007ffac3b00000 - 0x00007ffac3b9a000 	C:\WINDOWS\System32\msvcp_win.dll
0x00007ffac5590000 - 0x00007ffac55c1000 	C:\WINDOWS\System32\IMM32.DLL
0x00007ffabdfd0000 - 0x00007ffabdfdc000 	C:\Program Files\Android\Android Studio\jbr\bin\vcruntime140_1.dll
0x00007ffa89260000 - 0x00007ffa892ed000 	C:\Program Files\Android\Android Studio\jbr\bin\msvcp140.dll
0x00007ffa6fba0000 - 0x00007ffa70820000 	C:\Program Files\Android\Android Studio\jbr\bin\server\jvm.dll
0x00007ffac5e20000 - 0x00007ffac5ed3000 	C:\WINDOWS\System32\ADVAPI32.dll
0x00007ffac57c0000 - 0x00007ffac5868000 	C:\WINDOWS\System32\sechost.dll
0x00007ffac35b0000 - 0x00007ffac35d8000 	C:\WINDOWS\System32\bcrypt.dll
0x00007ffac4690000 - 0x00007ffac47a7000 	C:\WINDOWS\System32\RPCRT4.dll
0x00007ffab63d0000 - 0x00007ffab6404000 	C:\WINDOWS\SYSTEM32\WINMM.dll
0x00007ffabe110000 - 0x00007ffabe119000 	C:\WINDOWS\SYSTEM32\WSOCK32.dll
0x00007ffab6060000 - 0x00007ffab606a000 	C:\WINDOWS\SYSTEM32\VERSION.dll
0x00007ffac5740000 - 0x00007ffac57b1000 	C:\WINDOWS\System32\WS2_32.dll
0x00007ffac23d0000 - 0x00007ffac23e8000 	C:\WINDOWS\SYSTEM32\kernel.appcore.dll
0x00007ffabe100000 - 0x00007ffabe10a000 	C:\Program Files\Android\Android Studio\jbr\bin\jimage.dll
0x00007ffac0770000 - 0x00007ffac09a3000 	C:\WINDOWS\SYSTEM32\DBGHELP.DLL
0x00007ffac58d0000 - 0x00007ffac5c59000 	C:\WINDOWS\System32\combase.dll
0x00007ffac52d0000 - 0x00007ffac53a7000 	C:\WINDOWS\System32\OLEAUT32.dll
0x00007ffa9f8c0000 - 0x00007ffa9f8f2000 	C:\WINDOWS\SYSTEM32\dbgcore.DLL
0x00007ffac36a0000 - 0x00007ffac371a000 	C:\WINDOWS\System32\bcryptPrimitives.dll
0x00007ffaa8a70000 - 0x00007ffaa8a7e000 	C:\Program Files\Android\Android Studio\jbr\bin\instrument.dll
0x00007ffabe0d0000 - 0x00007ffabe0f5000 	C:\Program Files\Android\Android Studio\jbr\bin\java.dll
0x00007ffaa8bc0000 - 0x00007ffaa8bd8000 	C:\Program Files\Android\Android Studio\jbr\bin\zip.dll
0x00007ffac49c0000 - 0x00007ffac521a000 	C:\WINDOWS\System32\SHELL32.dll
0x00007ffac1200000 - 0x00007ffac1af6000 	C:\WINDOWS\SYSTEM32\windows.storage.dll
0x00007ffac10c0000 - 0x00007ffac11fe000 	C:\WINDOWS\SYSTEM32\wintypes.dll
0x00007ffac4110000 - 0x00007ffac4203000 	C:\WINDOWS\System32\SHCORE.dll
0x00007ffac5870000 - 0x00007ffac58ce000 	C:\WINDOWS\System32\shlwapi.dll
0x00007ffac31e0000 - 0x00007ffac3206000 	C:\WINDOWS\SYSTEM32\profapi.dll
0x00007ffaa8ba0000 - 0x00007ffaa8bb9000 	C:\Program Files\Android\Android Studio\jbr\bin\net.dll
0x00007ffab9eb0000 - 0x00007ffab9fe7000 	C:\WINDOWS\SYSTEM32\WINHTTP.dll
0x00007ffac2850000 - 0x00007ffac28b9000 	C:\WINDOWS\system32\mswsock.dll
0x00007ffaa8b60000 - 0x00007ffaa8b76000 	C:\Program Files\Android\Android Studio\jbr\bin\nio.dll
0x00007ffab12a0000 - 0x00007ffab12b0000 	C:\Program Files\Android\Android Studio\jbr\bin\verify.dll
0x00007ffaa3390000 - 0x00007ffaa33b7000 	C:\Users\Minha Rehman\.gradle\native\68d5fa5c4cc2d200863cafc0d521ce42e7d3e7ee720ec0a83991735586a16f82\windows-amd64\native-platform.dll
0x00007ffa885c0000 - 0x00007ffa88704000 	C:\Users\Minha Rehman\.gradle\native\e376f236ea51e6404a007f0833ffe2c6e607c4080706a723a18a27aeea778392\windows-amd64\native-platform-file-events.dll
0x00007ffaa8b50000 - 0x00007ffaa8b59000 	C:\Program Files\Android\Android Studio\jbr\bin\management.dll
0x00007ffaa8b40000 - 0x00007ffaa8b4b000 	C:\Program Files\Android\Android Studio\jbr\bin\management_ext.dll
0x00007ffac53b0000 - 0x00007ffac53b8000 	C:\WINDOWS\System32\PSAPI.DLL
0x00007ffac2aa0000 - 0x00007ffac2abb000 	C:\WINDOWS\SYSTEM32\CRYPTSP.dll
0x00007ffac2330000 - 0x00007ffac2365000 	C:\WINDOWS\system32\rsaenh.dll
0x00007ffac2940000 - 0x00007ffac296c000 	C:\WINDOWS\SYSTEM32\USERENV.dll
0x00007ffac2ac0000 - 0x00007ffac2acc000 	C:\WINDOWS\SYSTEM32\CRYPTBASE.dll
0x00007ffac1d50000 - 0x00007ffac1d7d000 	C:\WINDOWS\SYSTEM32\IPHLPAPI.DLL
0x00007ffac5730000 - 0x00007ffac5739000 	C:\WINDOWS\System32\NSI.dll
0x00007ffab9df0000 - 0x00007ffab9e09000 	C:\WINDOWS\SYSTEM32\dhcpcsvc6.DLL
0x00007ffab9db0000 - 0x00007ffab9dcf000 	C:\WINDOWS\SYSTEM32\dhcpcsvc.DLL
0x00007ffac1d80000 - 0x00007ffac1e79000 	C:\WINDOWS\SYSTEM32\DNSAPI.dll
0x00007ffab8a10000 - 0x00007ffab8a18000 	C:\WINDOWS\system32\wshunix.dll

dbghelp: loaded successfully - version: 4.0.5 - missing functions: none
symbol engine: initialized successfully - sym options: 0x614 - pdb path: .;C:\Program Files\Android\Android Studio\jbr\bin;C:\WINDOWS\SYSTEM32;C:\WINDOWS\WinSxS\amd64_microsoft.windows.common-controls_6595b64144ccf1df_6.0.22621.2506_none_270c5ae97388e100;C:\Program Files\Android\Android Studio\jbr\bin\server;C:\Users\Minha Rehman\.gradle\native\68d5fa5c4cc2d200863cafc0d521ce42e7d3e7ee720ec0a83991735586a16f82\windows-amd64;C:\Users\Minha Rehman\.gradle\native\e376f236ea51e6404a007f0833ffe2c6e607c4080706a723a18a27aeea778392\windows-amd64

VM Arguments:
jvm_args: --add-opens=java.base/java.util=ALL-UNNAMED --add-opens=java.base/java.lang=ALL-UNNAMED --add-opens=java.base/java.lang.invoke=ALL-UNNAMED --add-opens=java.prefs/java.util.prefs=ALL-UNNAMED --add-opens=java.base/java.nio.charset=ALL-UNNAMED --add-opens=java.base/java.net=ALL-UNNAMED --add-opens=java.base/java.util.concurrent.atomic=ALL-UNNAMED -Xmx2048m -Dfile.encoding=UTF-8 -Duser.country=US -Duser.language=en -Duser.variant -javaagent:C:\Users\Minha Rehman\.gradle\wrapper\dists\gradle-8.2-bin\bbg7u40eoinfdyxsxr3z4i7ta\gradle-8.2\lib\agents\gradle-instrumentation-agent-8.2.jar 
java_command: org.gradle.launcher.daemon.bootstrap.GradleDaemon 8.2
java_class_path (initial): C:\Users\Minha Rehman\.gradle\wrapper\dists\gradle-8.2-bin\bbg7u40eoinfdyxsxr3z4i7ta\gradle-8.2\lib\gradle-launcher-8.2.jar
Launcher Type: SUN_STANDARD

[Global flags]
     intx CICompilerCount                          = 4                                         {product} {ergonomic}
     uint ConcGCThreads                            = 2                                         {product} {ergonomic}
     uint G1ConcRefinementThreads                  = 8                                         {product} {ergonomic}
   size_t G1HeapRegionSize                         = 1048576                                   {product} {ergonomic}
    uintx GCDrainStackTargetSize                   = 64                                        {product} {ergonomic}
   size_t InitialHeapSize                          = 130023424                                 {product} {ergonomic}
   size_t MarkStackSize                            = 4194304                                   {product} {ergonomic}
   size_t MaxHeapSize                              = 2147483648                                {product} {command line}
   size_t MaxNewSize                               = 1287651328                                {product} {ergonomic}
   size_t MinHeapDeltaBytes                        = 1048576                                   {product} {ergonomic}
   size_t MinHeapSize                              = 8388608                                   {product} {ergonomic}
    uintx NonNMethodCodeHeapSize                   = 5839372                                {pd product} {ergonomic}
    uintx NonProfiledCodeHeapSize                  = 122909434                              {pd product} {ergonomic}
    uintx ProfiledCodeHeapSize                     = 122909434                              {pd product} {ergonomic}
    uintx ReservedCodeCacheSize                    = 251658240                              {pd product} {ergonomic}
     bool SegmentedCodeCache                       = true                                      {product} {ergonomic}
   size_t SoftMaxHeapSize                          = 2147483648                             {manageable} {ergonomic}
     bool UseCompressedClassPointers               = true                           {product lp64_product} {ergonomic}
     bool UseCompressedOops                        = true                           {product lp64_product} {ergonomic}
     bool UseG1GC                                  = true                                      {product} {ergonomic}
     bool UseLargePagesIndividualAllocation        = false                                  {pd product} {ergonomic}

Logging:
Log output configuration:
 #0: stdout all=warning uptime,level,tags
 #1: stderr all=off uptime,level,tags

Environment Variables:
PATH=C:\Program Files (x86)\VMware\VMware Workstation\bin\;C:\Program Files\Common Files\Oracle\Java\javapath;C:\windows\system32;C:\windows;C:\windows\System32\Wbem;C:\windows\System32\WindowsPowerShell\v1.0\;C:\windows\System32\OpenSSH\;C:\opencv\build\x64\vc15\bin;C:\Program Files (x86)\Microsoft SQL Server\160\Tools\Binn\;C:\Program Files\Microsoft SQL Server\160\Tools\Binn\;C:\Program Files\Microsoft SQL Server\Client SDK\ODBC\170\Tools\Binn\;C:\Program Files\Microsoft SQL Server\160\DTS\Binn\;C:\Program Files (x86)\Microsoft SQL Server\160\DTS\Binn\;C:\Program Files\Azure Data Studio\bin;C:\Program Files\dotnet\;C:\Program Files\Microsoft SQL Server\150\Tools\Binn\;C:\WINDOWS\system32;C:\WINDOWS;C:\WINDOWS\System32\Wbem;C:\WINDOWS\System32\WindowsPowerShell\v1.0\;C:\WINDOWS\System32\OpenSSH\;C:\Users\Minha Rehman\Anaconda3\Scripts;C:\msys64\ucrt64\bin;C:\msys64\usr\bin;C:\Program Files\MongoDB\Server\7.0\bin;C:\mongosh-2.0.1-win32-x64\mongosh-2.0.1-win32-x64\bin;C:\Users\Minha Rehman\AppData\Local\Microsoft\WindowsApps;C:\Program Files\Azure Data Studio\bin;C:\Users\Minha Rehman\.dotnet\tools;C:\Users\Minha Rehman\AppData\Local\Programs\Microsoft VS Code\bin;C:\msys64\ucrt64\bin;C:\msys64\usr\bin
USERNAME=Minha Rehman
OS=Windows_NT
PROCESSOR_IDENTIFIER=Intel64 Family 6 Model 140 Stepping 1, GenuineIntel
TMP=C:\Users\MINHAR~1\AppData\Local\Temp
TEMP=C:\Users\MINHAR~1\AppData\Local\Temp


JNI global refs:
JNI global refs: 26, weak refs: 0

JNI global refs memory usage: 843, weak refs: 841

OOME stack traces (most recent first):
Classloader memory used:
Loader org.gradle.internal.classloader.VisitableURLClassLoader                         : 4708K
Loader bootstrap                                                                       : 2890K
Loader org.gradle.internal.classloader.VisitableURLClassLoader$InstrumentingVisitableURLClassLoader: 2777K
Loader org.gradle.initialization.MixInLegacyTypesClassLoader                           : 1237K
Loader org.gradle.internal.classloader.VisitableURLClassLoader                         : 142K
Loader jdk.internal.reflect.DelegatingClassLoader                                      : 78864B
Loader jdk.internal.loader.ClassLoaders$PlatformClassLoader                            : 65924B
Loader jdk.internal.loader.ClassLoaders$AppClassLoader                                 : 28457B
Loader org.gradle.groovy.scripts.internal.DefaultScriptCompilationHandler$ScriptClassLoader: 12820B
Loader org.codehaus.groovy.runtime.callsite.CallSiteClassLoader                        : 7492B
Loader sun.reflect.misc.MethodUtil                                                     : 373B

Classes loaded by more than one classloader:
Class Program                                                                         : loaded 5 times (x 70B)
Class org.gradle.api.UncheckedIOException                                             : loaded 3 times (x 80B)
Class org.gradle.internal.IoActions                                                   : loaded 3 times (x 69B)
Class org.gradle.internal.Cast                                                        : loaded 3 times (x 69B)
Class org.gradle.api.GradleException                                                  : loaded 3 times (x 80B)
Class org.gradle.api.Action                                                           : loaded 3 times (x 68B)
Class [Lcom.google.common.collect.AbstractMapEntry;                                   : loaded 2 times (x 67B)
Class com.google.common.collect.SingletonImmutableList                                : loaded 2 times (x 167B)
Class com.google.common.cache.CacheLoader$SupplierToCacheLoader                       : loaded 2 times (x 73B)
Class org.gradle.internal.classpath.ClassPath                                         : loaded 2 times (x 68B)
Class com.google.common.cache.RemovalListener                                         : loaded 2 times (x 68B)
Class org.gradle.api.internal.classpath.DefaultModuleRegistry                         : loaded 2 times (x 84B)
Class Settings_gradle$1$1                                                             : loaded 2 times (x 72B)
Class com.google.common.collect.ImmutableEnumSet                                      : loaded 2 times (x 144B)
Class com.google.common.collect.ListMultimap                                          : loaded 2 times (x 68B)
Class com.google.common.base.CharMatcher$JavaDigit                                    : loaded 2 times (x 109B)
Class com.google.common.base.CharMatcher$Digit                                        : loaded 2 times (x 110B)
Class com.google.common.collect.AbstractMultimap                                      : loaded 2 times (x 121B)
Class com.intellij.openapi.externalSystem.model.ExternalSystemException               : loaded 2 times (x 84B)
Class org.gradle.tooling.model.kotlin.dsl.KotlinDslScriptsModel                       : loaded 2 times (x 68B)
Class com.google.common.cache.CacheBuilder$OneWeigher                                 : loaded 2 times (x 80B)
Class org.gradle.util.internal.DefaultGradleVersion                                   : loaded 2 times (x 82B)
Class org.jetbrains.plugins.gradle.tooling.serialization.KotlinDslScriptsModelSerializationService: loaded 2 times (x 79B)
Class org.jetbrains.kotlin.idea.gradleTooling.model.samWithReceiver.SamWithReceiverModel: loaded 2 times (x 68B)
Class com.google.common.collect.ImmutableEntry                                        : loaded 2 times (x 80B)
Class com.google.common.collect.Lists$StringAsImmutableList                           : loaded 2 times (x 167B)
Class org.gradle.tooling.internal.adapter.ProtocolToModelAdapter$SafeMethodInvoker    : loaded 2 times (x 74B)
Class org.jetbrains.plugins.gradle.model.ExternalProject                              : loaded 2 times (x 68B)
Class org.jetbrains.plugins.gradle.model.GradleConvention                             : loaded 2 times (x 68B)
Class com.google.common.cache.LocalCache$StrongEntry                                  : loaded 2 times (x 106B)
Class org.gradle.tooling.internal.adapter.ProtocolToModelAdapter$1                    : loaded 2 times (x 73B)
Class org.jetbrains.plugins.gradle.model.IntelliJSettings                             : loaded 2 times (x 68B)
Class org.objectweb.asm.FieldWriter                                                   : loaded 2 times (x 75B)
Class com.google.common.base.CharMatcher                                              : loaded 2 times (x 109B)
Class com.google.common.base.CharMatcher$IsNot                                        : loaded 2 times (x 109B)
Class org.jetbrains.plugins.gradle.model.ExternalLibraryDependency                    : loaded 2 times (x 68B)
Class org.gradle.internal.impldep.gnu.trove.THash                                     : loaded 2 times (x 79B)
Class org.jetbrains.kotlin.tooling.core.Extras                                        : loaded 2 times (x 68B)
Class com.google.common.base.Splitter                                                 : loaded 2 times (x 70B)
Class [Lcom.google.common.cache.Weigher;                                              : loaded 2 times (x 67B)
Class com.google.common.collect.Iterators$ArrayItr                                    : loaded 2 times (x 95B)
Class com.google.common.cache.LocalCache$Segment                                      : loaded 2 times (x 152B)
Class org.jetbrains.kotlin.idea.gradleTooling.KotlinMPPGradleModel                    : loaded 2 times (x 68B)
Class org.gradle.api.internal.DefaultClassPathProvider                                : loaded 2 times (x 74B)
Class org.gradle.internal.installation.GradleInstallation$1                           : loaded 2 times (x 73B)
Class com.google.common.cache.LocalCache$AbstractReferenceEntry                       : loaded 2 times (x 105B)
Class org.objectweb.asm.Type                                                          : loaded 2 times (x 70B)
Class com.google.common.util.concurrent.AbstractFuture$Failure                        : loaded 2 times (x 70B)
Class com.google.common.base.CharMatcher$BitSetMatcher                                : loaded 2 times (x 110B)
Class com.google.common.collect.ImmutableMap$IteratorBasedImmutableMap                : loaded 2 times (x 123B)
Class org.gradle.internal.exceptions.DefaultMultiCauseException                       : loaded 2 times (x 85B)
Class com.google.common.collect.ImmutableMap                                          : loaded 2 times (x 118B)
Class com.google.common.base.Converter                                                : loaded 2 times (x 88B)
Class org.gradle.tooling.model.UnsupportedMethodException                             : loaded 2 times (x 80B)
Class com.google.common.collect.ImmutableSet$EmptySetBuilderImpl                      : loaded 2 times (x 74B)
Class com.google.common.base.Equivalence                                              : loaded 2 times (x 80B)
Class com.google.common.primitives.Ints                                               : loaded 2 times (x 69B)
Class com.google.common.cache.LocalCache$EntryFactory$1                               : loaded 2 times (x 81B)
Class org.gradle.tooling.model.build.JavaEnvironment                                  : loaded 2 times (x 68B)
Class org.gradle.tooling.internal.adapter.ProtocolToModelAdapter$PropertyCachingMethodInvoker: loaded 2 times (x 74B)
Class com.google.common.cache.LocalCache$EntryFactory$2                               : loaded 2 times (x 81B)
Class com.google.common.cache.LocalCache$EntryFactory$3                               : loaded 2 times (x 81B)
Class com.google.common.cache.LocalCache$EntryFactory$4                               : loaded 2 times (x 81B)
Class org.gradle.tooling.internal.adapter.ProtocolToModelAdapter$NoOpDecoration       : loaded 2 times (x 77B)
Class com.google.common.cache.LocalCache$EntryFactory$5                               : loaded 2 times (x 81B)
Class com.google.common.cache.LocalCache$EntryFactory$6                               : loaded 2 times (x 81B)
Class com.google.common.cache.LocalCache$EntryFactory$7                               : loaded 2 times (x 81B)
Class org.gradle.internal.time.MonotonicClock                                         : loaded 2 times (x 75B)
Class com.google.common.cache.LocalCache$EntryFactory$8                               : loaded 2 times (x 81B)
Class org.gradle.tooling.internal.adapter.ProtocolToModelAdapter$SupportedPropertyInvoker: loaded 2 times (x 74B)
Class com.google.common.base.Predicate                                                : loaded 2 times (x 68B)
Class com.google.common.cache.LocalCache$StrongValueReference                         : loaded 2 times (x 88B)
Class org.gradle.internal.classloader.FilteringClassLoader                            : loaded 2 times (x 102B)
Class com.google.common.collect.RegularImmutableSet                                   : loaded 2 times (x 146B)
Class org.jetbrains.plugins.gradle.tooling.serialization.SerializationService         : loaded 2 times (x 68B)
Class kotlin.jvm.internal.Lambda                                                      : loaded 2 times (x 73B)
Class org.gradle.tooling.model.Model                                                  : loaded 2 times (x 68B)
Class [Lcom.google.common.cache.LocalCache$Strength;                                  : loaded 2 times (x 67B)
Class org.gradle.internal.classpath.DefaultClassPath$ImmutableUniqueList$Builder      : loaded 2 times (x 73B)
Class kotlin.UninitializedPropertyAccessException                                     : loaded 2 times (x 80B)
Class com.google.common.collect.Maps$8                                                : loaded 2 times (x 80B)
Class com.google.common.base.PatternCompiler                                          : loaded 2 times (x 68B)
Class [Lcom.google.common.cache.CacheBuilder$NullListener;                            : loaded 2 times (x 67B)
Class com.google.common.base.CharMatcher$InRange                                      : loaded 2 times (x 109B)
Class com.google.common.collect.Maps$KeySet                                           : loaded 2 times (x 135B)
Class org.jetbrains.kotlin.idea.gradleTooling.KotlinSourceSetContainer                : loaded 2 times (x 68B)
Class com.google.common.collect.Sets$SetView                                          : loaded 2 times (x 136B)
Class com.google.common.collect.BiMap                                                 : loaded 2 times (x 68B)
Class com.google.common.collect.Lists                                                 : loaded 2 times (x 69B)
Class org.objectweb.asm.AnnotationWriter                                              : loaded 2 times (x 76B)
Class com.google.common.math.IntMath$1                                                : loaded 2 times (x 69B)
Class org.gradle.internal.classloader.ClassLoaderVisitor                              : loaded 2 times (x 74B)
Class org.objectweb.asm.Label                                                         : loaded 2 times (x 71B)
Class com.google.common.cache.CacheBuilder$NullListener                               : loaded 2 times (x 80B)
Class ijinit_d4n5ov37gutocu9s8ezm3s18k                                                : loaded 2 times (x 177B)
Class org.gradle.tooling.internal.adapter.ProtocolToModelAdapter$MethodInvocationCache$MethodInvocationKey: loaded 2 times (x 71B)
Class org.jetbrains.plugins.gradle.tooling.serialization.internal.adapter.Supplier    : loaded 2 times (x 68B)
Class com.google.common.math.MathPreconditions                                        : loaded 2 times (x 69B)
Class org.gradle.internal.time.DefaultCountdownTimer                                  : loaded 2 times (x 86B)
Class org.gradle.tooling.internal.adapter.CollectionMapper                            : loaded 2 times (x 71B)
Class org.gradle.internal.service.DefaultServiceLocator                               : loaded 2 times (x 81B)
Class org.gradle.internal.service.UnknownServiceException                             : loaded 2 times (x 81B)
Class org.jetbrains.plugins.gradle.model.ClasspathEntryModel                          : loaded 2 times (x 68B)
Class com.google.common.util.concurrent.AbstractFuture$SynchronizedHelper             : loaded 2 times (x 76B)
Class com.google.common.collect.ArrayListMultimap                                     : loaded 2 times (x 170B)
Class sync_studio_tooling8_d935jm2tmt0ozppcqsdekwr3a$_run_closure1                    : loaded 2 times (x 134B)
Class com.google.common.base.Strings                                                  : loaded 2 times (x 69B)
Class org.jetbrains.plugins.gradle.model.DependencyAccessorsModel                     : loaded 2 times (x 68B)
Class com.google.common.cache.CacheLoader$InvalidCacheLoadException                   : loaded 2 times (x 80B)
Class org.gradle.internal.classloader.DefaultClassLoaderFactory                       : loaded 2 times (x 80B)
Class com.google.common.collect.UnmodifiableIterator                                  : loaded 2 times (x 78B)
Class org.jetbrains.plugins.gradle.model.internal.TurnOffDefaultTasks                 : loaded 2 times (x 68B)
Class com.google.common.base.Stopwatch                                                : loaded 2 times (x 70B)
Class com.google.common.base.Platform$JdkPatternCompiler                              : loaded 2 times (x 73B)
Class org.jetbrains.plugins.gradle.tooling.ModelBuilderService$Parameter              : loaded 2 times (x 68B)
Class com.google.common.cache.LocalCache$LoadingValueReference                        : loaded 2 times (x 94B)
Class org.gradle.tooling.internal.adapter.ProtocolToModelAdapter$DefaultViewBuilder   : loaded 2 times (x 78B)
Class com.google.common.base.CharMatcher$SingleWidth                                  : loaded 2 times (x 110B)
Class com.google.common.collect.Hashing                                               : loaded 2 times (x 69B)
Class org.jetbrains.plugins.gradle.model.internal.DummyModel                          : loaded 2 times (x 68B)
Class org.jetbrains.plugins.gradle.model.GradleExtensions                             : loaded 2 times (x 68B)
Class org.jetbrains.plugins.gradle.tooling.serialization.GradleExtensionsSerializationService$WriteContext: loaded 2 times (x 70B)
Class com.google.common.base.JdkPattern                                               : loaded 2 times (x 73B)
Class com.google.common.collect.Multimap                                              : loaded 2 times (x 68B)
Class com.google.common.base.FunctionalEquivalence                                    : loaded 2 times (x 81B)
Class org.objectweb.asm.AnnotationVisitor                                             : loaded 2 times (x 75B)
Class org.objectweb.asm.RecordComponentWriter                                         : loaded 2 times (x 76B)
Class com.google.common.cache.LocalCache$1                                            : loaded 2 times (x 87B)
Class com.google.common.cache.LocalCache$2                                            : loaded 2 times (x 140B)
Class com.google.common.collect.RegularImmutableBiMap                                 : loaded 2 times (x 146B)
Class org.jetbrains.plugins.gradle.tooling.serialization.internal.IdeaProjectSerializationService$WriteContext$1: loaded 2 times (x 81B)
Class org.jetbrains.plugins.gradle.tooling.serialization.internal.IdeaProjectSerializationService$WriteContext$2: loaded 2 times (x 81B)
Class org.jetbrains.plugins.gradle.model.VersionCatalogsModel                         : loaded 2 times (x 68B)
Class org.jetbrains.plugins.gradle.tooling.serialization.internal.IdeaProjectSerializationService$WriteContext$3: loaded 2 times (x 81B)
Class org.jetbrains.kotlin.idea.gradleTooling.AndroidAwareGradleModelProvider$Companion: loaded 2 times (x 69B)
Class org.jetbrains.plugins.gradle.tooling.serialization.internal.IdeaProjectSerializationService$WriteContext$4: loaded 2 times (x 81B)
Class org.gradle.internal.classloader.VisitableURLClassLoader$Spec                    : loaded 2 times (x 72B)
Class org.jetbrains.plugins.gradle.tooling.serialization.internal.IdeaProjectSerializationService$WriteContext$5: loaded 2 times (x 81B)
Class org.gradle.tooling.model.ProjectModel                                           : loaded 2 times (x 68B)
Class org.gradle.internal.impldep.gnu.trove.TObjectIdentityHashingStrategy            : loaded 2 times (x 76B)
Class org.jetbrains.plugins.gradle.tooling.serialization.internal.IdeaProjectSerializationService$WriteContext$6: loaded 2 times (x 81B)
Class org.jetbrains.plugins.gradle.model.MavenRepositoryModel                         : loaded 2 times (x 68B)
Class com.google.common.base.CharMatcher$JavaLetterOrDigit                            : loaded 2 times (x 109B)
Class org.jetbrains.plugins.gradle.tooling.serialization.internal.IdeaProjectSerializationService$WriteContext$7: loaded 2 times (x 81B)
Class org.gradle.tooling.internal.gradle.DefaultProjectIdentifier                     : loaded 2 times (x 84B)
Class org.jetbrains.plugins.gradle.tooling.serialization.internal.IdeaProjectSerializationService$WriteContext$8: loaded 2 times (x 81B)
Class com.intellij.util.containers.IntObjectHashMap                                   : loaded 2 times (x 70B)
Class org.gradle.api.internal.classpath.ModuleRegistry                                : loaded 2 times (x 68B)
Class com.google.common.collect.ForwardingObject                                      : loaded 2 times (x 70B)
Class com.google.common.cache.CacheBuilder                                            : loaded 2 times (x 70B)
Class org.objectweb.asm.ByteVector                                                    : loaded 2 times (x 76B)
Class com.google.common.collect.ImmutableCollection                                   : loaded 2 times (x 123B)
Class org.jetbrains.plugins.gradle.model.RepositoriesModel                            : loaded 2 times (x 68B)
Class com.google.common.base.PairwiseEquivalence                                      : loaded 2 times (x 81B)
Class com.google.common.base.Ticker                                                   : loaded 2 times (x 70B)
Class kotlin.jvm.internal.markers.KMappedMarker                                       : loaded 2 times (x 68B)
Class org.objectweb.asm.ModuleVisitor                                                 : loaded 2 times (x 78B)
Class org.gradle.api.internal.ClassPathProvider                                       : loaded 2 times (x 68B)
Class com.google.common.base.Ascii                                                    : loaded 2 times (x 69B)
Class com.google.common.collect.RegularImmutableMap$Values                            : loaded 2 times (x 167B)
Class org.objectweb.asm.ModuleWriter                                                  : loaded 2 times (x 79B)
Class org.gradle.internal.classloader.ClasspathUtil$1                                 : loaded 2 times (x 74B)
Class org.jetbrains.plugins.gradle.tooling.serialization.ExternalTestsSerializationService$ReadContext: loaded 2 times (x 70B)
Class com.google.common.collect.ImmutableEnumMap                                      : loaded 2 times (x 123B)
Class org.gradle.tooling.model.DomainObjectSet                                        : loaded 2 times (x 68B)
Class org.jetbrains.plugins.gradle.model.ExternalProjectDependency                    : loaded 2 times (x 68B)
Class com.google.common.collect.ForwardingMap                                         : loaded 2 times (x 130B)
Class com.google.common.collect.ImmutableList$ReverseImmutableList                    : loaded 2 times (x 168B)
Class com.google.common.cache.AbstractCache$StatsCounter                              : loaded 2 times (x 68B)
Class org.objectweb.asm.FieldVisitor                                                  : loaded 2 times (x 74B)
Class org.objectweb.asm.Symbol                                                        : loaded 2 times (x 71B)
Class com.google.common.cache.LocalCache$Strength$1                                   : loaded 2 times (x 79B)
Class com.google.common.cache.LocalCache$Strength$2                                   : loaded 2 times (x 79B)
Class com.google.common.cache.LocalCache$Strength$3                                   : loaded 2 times (x 79B)
Class org.gradle.internal.classloader.ClassLoaderFactory                              : loaded 2 times (x 68B)
Class com.google.common.collect.ObjectArrays                                          : loaded 2 times (x 69B)
Class com.google.common.util.concurrent.AbstractFuture$Waiter                         : loaded 2 times (x 70B)
Class com.google.common.util.concurrent.Uninterruptibles                              : loaded 2 times (x 69B)
Class com.google.common.collect.Iterators$10                                          : loaded 2 times (x 79B)
Class com.google.common.collect.ImmutableList                                         : loaded 2 times (x 166B)
Class org.jetbrains.plugins.gradle.model.FileCollectionDependency                     : loaded 2 times (x 68B)
Class org.gradle.api.internal.classpath.ManifestUtil                                  : loaded 2 times (x 69B)
Class org.gradle.api.specs.Spec                                                       : loaded 2 times (x 68B)
Class com.google.common.cache.CacheLoader$UnsupportedLoadingOperationException        : loaded 2 times (x 80B)
Class kotlin.jvm.internal.Intrinsics                                                  : loaded 2 times (x 69B)
Class com.google.common.base.CharMatcher$Whitespace                                   : loaded 2 times (x 110B)
Class com.google.common.util.concurrent.ListenableFuture                              : loaded 2 times (x 68B)
Class org.gradle.tooling.internal.gradle.GradleBuildIdentity                          : loaded 2 times (x 68B)
Class org.gradle.tooling.internal.adapter.ProtocolToModelAdapter$ReflectionMethodInvoker: loaded 2 times (x 74B)
Class com.google.common.collect.Iterators$1                                           : loaded 2 times (x 79B)
Class org.jetbrains.plugins.gradle.model.GradleConfiguration                          : loaded 2 times (x 68B)
Class com.google.common.collect.Iterators$4                                           : loaded 2 times (x 80B)
Class com.google.common.collect.RegularImmutableMap$BucketOverflowException           : loaded 2 times (x 80B)
Class com.google.common.collect.Iterators$5                                           : loaded 2 times (x 80B)
Class com.google.common.util.concurrent.AbstractFuture$UnsafeAtomicHelper             : loaded 2 times (x 76B)
Class com.google.common.base.Joiner                                                   : loaded 2 times (x 77B)
Class com.google.common.base.Equivalence$Equals                                       : loaded 2 times (x 80B)
Class com.google.common.base.Preconditions                                            : loaded 2 times (x 69B)
Class com.google.common.base.Function                                                 : loaded 2 times (x 68B)
Class com.google.common.collect.Iterators$9                                           : loaded 2 times (x 79B)
Class com.google.common.collect.Iterators$MergingIterator                             : loaded 2 times (x 79B)
Class org.jetbrains.plugins.gradle.model.FilePatternSet                               : loaded 2 times (x 68B)
Class com.google.common.cache.ReferenceEntry                                          : loaded 2 times (x 68B)
Class org.gradle.tooling.internal.adapter.ObjectGraphAdapter                          : loaded 2 times (x 68B)
Class com.google.common.collect.RegularImmutableMap$KeySet                            : loaded 2 times (x 148B)
Class com.google.common.collect.CollectPreconditions                                  : loaded 2 times (x 69B)
Class com.google.common.primitives.IntsMethodsForWeb                                  : loaded 2 times (x 69B)
Class com.google.common.collect.Maps                                                  : loaded 2 times (x 69B)
Class com.google.common.collect.RegularImmutableMap                                   : loaded 2 times (x 119B)
Class sync_studio_tooling8_d935jm2tmt0ozppcqsdekwr3a                                  : loaded 2 times (x 177B)
Class com.google.common.collect.AbstractIndexedListIterator                           : loaded 2 times (x 94B)
Class com.google.common.base.CharMatcher$None                                         : loaded 2 times (x 110B)
Class org.gradle.api.internal.classpath.EffectiveClassPath                            : loaded 2 times (x 88B)
Class com.google.common.collect.UnmodifiableListIterator                              : loaded 2 times (x 93B)
Class kotlin.jvm.internal.DefaultConstructorMarker                                    : loaded 2 times (x 69B)
Class com.google.common.cache.CacheLoader$FunctionToCacheLoader                       : loaded 2 times (x 73B)
Class com.google.common.cache.CacheBuilder$1                                          : loaded 2 times (x 83B)
Class com.google.common.cache.CacheBuilder$2                                          : loaded 2 times (x 77B)
Class com.google.common.collect.ImmutableList$1                                       : loaded 2 times (x 95B)
Class com.google.common.base.Splitter$Strategy                                        : loaded 2 times (x 68B)
Class com.google.common.cache.CacheBuilder$3                                          : loaded 2 times (x 70B)
Class com.google.common.collect.ImmutableMapEntrySet$RegularEntrySet                  : loaded 2 times (x 149B)
Class [Lcom.google.common.cache.RemovalListener;                                      : loaded 2 times (x 67B)
Class [Lcom.google.common.collect.ImmutableMapEntry;                                  : loaded 2 times (x 67B)
Class org.gradle.tooling.model.idea.IdeaDependency                                    : loaded 2 times (x 68B)
Class org.jetbrains.kotlin.idea.gradleTooling.model.annotation.AnnotationBasedPluginModel: loaded 2 times (x 68B)
Class org.jetbrains.kotlin.idea.gradleTooling.model.assignment.AssignmentModel        : loaded 2 times (x 68B)
Class org.jetbrains.plugins.gradle.tooling.serialization.ExternalProjectSerializationService: loaded 2 times (x 75B)
Class org.gradle.internal.installation.CurrentGradleInstallation                      : loaded 2 times (x 71B)
Class org.gradle.internal.agents.InstrumentingClassLoader                             : loaded 2 times (x 68B)
Class org.gradle.internal.installation.CurrentGradleInstallationLocator               : loaded 2 times (x 69B)
Class [Lcom.google.common.cache.LocalCache$Segment;                                   : loaded 2 times (x 67B)
Class org.gradle.api.internal.classpath.Module                                        : loaded 2 times (x 68B)
Class com.google.common.base.Splitter$1$1                                             : loaded 2 times (x 84B)
Class org.jetbrains.plugins.gradle.tooling.serialization.ProjectDependenciesSerializationService$ReadContext: loaded 2 times (x 70B)
Class org.jetbrains.plugins.gradle.tooling.serialization.internal.IdeaProjectSerializationService$WriteContext: loaded 2 times (x 70B)
Class org.gradle.tooling.internal.adapter.ViewBuilder                                 : loaded 2 times (x 68B)
Class org.gradle.tooling.internal.adapter.ProtocolToModelAdapter                      : loaded 2 times (x 78B)
Class com.google.common.collect.ImmutableSet$JdkBackedSetBuilderImpl                  : loaded 2 times (x 74B)
Class com.google.common.collect.ImmutableSet$RegularSetBuilderImpl                    : loaded 2 times (x 75B)
Class [Lorg.objectweb.asm.AnnotationWriter;                                           : loaded 2 times (x 67B)
Class org.gradle.internal.service.CachingServiceLocator                               : loaded 2 times (x 80B)
Class org.gradle.internal.time.Timer                                                  : loaded 2 times (x 68B)
Class [Lcom.google.common.collect.ImmutableEntry;                                     : loaded 2 times (x 67B)
Class org.jetbrains.plugins.gradle.model.tests.ExternalTestsModel                     : loaded 2 times (x 68B)
Class org.jetbrains.kotlin.idea.gradleTooling.KotlinDslScriptAdditionalTask           : loaded 2 times (x 68B)
Class org.jetbrains.plugins.gradle.tooling.util.ObjectCollector                       : loaded 2 times (x 70B)
Class com.google.common.collect.Sets$ImprovedAbstractSet                              : loaded 2 times (x 133B)
Class org.gradle.internal.classpath.DefaultClassPath                                  : loaded 2 times (x 88B)
Class org.gradle.internal.impldep.gnu.trove.TObjectHash$NULL                          : loaded 2 times (x 69B)
Class com.google.common.util.concurrent.AbstractFuture$SetFuture                      : loaded 2 times (x 73B)
Class org.jetbrains.plugins.gradle.tooling.serialization.GradleExtensionsSerializationService$ReadContext: loaded 2 times (x 70B)
Class org.jetbrains.plugins.gradle.tooling.serialization.internal.IdeaProjectSerializationService: loaded 2 times (x 75B)
Class org.gradle.internal.impldep.gnu.trove.TObjectIntHashMap                         : loaded 2 times (x 107B)
Class org.gradle.tooling.model.idea.IdeaProject                                       : loaded 2 times (x 68B)
Class org.gradle.tooling.model.Element                                                : loaded 2 times (x 68B)
Class com.google.common.base.Splitter$SplittingIterator                               : loaded 2 times (x 82B)
Class org.gradle.internal.impldep.gnu.trove.TObjectHash                               : loaded 2 times (x 92B)
Class com.intellij.openapi.externalSystem.model.project.dependencies.ProjectDependencies: loaded 2 times (x 68B)
Class com.google.common.cache.LocalCache$LocalManualCache$1                           : loaded 2 times (x 73B)
Class org.jetbrains.kotlin.idea.gradleTooling.PrepareKotlinIdeImportTaskModel         : loaded 2 times (x 68B)
Class org.gradle.tooling.internal.adapter.TargetTypeProvider                          : loaded 2 times (x 68B)
Class org.gradle.internal.impldep.com.google.common.base.Preconditions                : loaded 2 times (x 69B)
Class kotlin.jvm.functions.Function1                                                  : loaded 2 times (x 68B)
Class org.jetbrains.kotlin.idea.gradleTooling.AndroidAwareGradleModelProvider         : loaded 2 times (x 74B)
Class org.objectweb.asm.SymbolTable$Entry                                             : loaded 2 times (x 72B)
Class [Lcom.google.common.cache.LocalCache$EntryFactory;                              : loaded 2 times (x 67B)
Class com.google.common.base.CharMatcher$Is                                           : loaded 2 times (x 109B)
Class com.google.common.base.Platform                                                 : loaded 2 times (x 69B)
Class com.google.common.collect.RegularImmutableAsList                                : loaded 2 times (x 176B)
Class com.google.common.collect.PeekingIterator                                       : loaded 2 times (x 68B)
Class org.gradle.internal.time.Time                                                   : loaded 2 times (x 69B)
Class org.gradle.internal.time.TimeSource$1                                           : loaded 2 times (x 75B)
Class org.jetbrains.plugins.gradle.tooling.serialization.RepositoriesModelSerializationService$WriteContext: loaded 2 times (x 70B)
Class kotlin.KotlinNullPointerException                                               : loaded 2 times (x 81B)
Class com.google.common.collect.ImmutableMapEntrySet                                  : loaded 2 times (x 149B)
Class com.google.common.cache.CacheLoader                                             : loaded 2 times (x 72B)
Class com.google.common.collect.ImmutableBiMapFauxverideShim                          : loaded 2 times (x 118B)
Class org.objectweb.asm.MethodTooLargeException                                       : loaded 2 times (x 81B)
Class com.google.common.cache.Cache                                                   : loaded 2 times (x 68B)
Class org.gradle.tooling.internal.adapter.ProtocolToModelAdapter$MixInMappingAction   : loaded 2 times (x 78B)
Class org.gradle.internal.classloader.SystemClassLoaderSpec                           : loaded 2 times (x 69B)
Class com.google.common.util.concurrent.internal.InternalFutureFailureAccess          : loaded 2 times (x 70B)
Class org.jetbrains.plugins.gradle.tooling.serialization.AnnotationProcessingModelSerializationService$ReadContext: loaded 2 times (x 70B)
Class com.google.common.base.Charsets                                                 : loaded 2 times (x 69B)
Class com.google.common.primitives.Ints$IntConverter                                  : loaded 2 times (x 88B)
Class com.google.common.collect.SingletonImmutableSet                                 : loaded 2 times (x 144B)
Class [Lcom.google.common.base.AbstractIterator$State;                                : loaded 2 times (x 67B)
Class org.jetbrains.plugins.gradle.tooling.serialization.RepositoriesModelSerializationService: loaded 2 times (x 80B)
Class org.jetbrains.plugins.gradle.tooling.serialization.ProjectDependenciesSerializationService: loaded 2 times (x 75B)
Class com.google.common.collect.ImmutableMap$Builder                                  : loaded 2 times (x 80B)
Class org.gradle.tooling.model.Dependency                                             : loaded 2 times (x 68B)
Class com.google.common.base.AbstractIterator                                         : loaded 2 times (x 78B)
Class org.jetbrains.plugins.gradle.tooling.serialization.AnnotationProcessingModelSerializationService: loaded 2 times (x 75B)
Class org.objectweb.asm.ClassWriter                                                   : loaded 2 times (x 102B)
Class com.google.common.base.AbstractIterator$1                                       : loaded 2 times (x 69B)
Class kotlin.jvm.internal.FunctionBase                                                : loaded 2 times (x 68B)
Class [Lcom.google.common.cache.CacheBuilder$OneWeigher;                              : loaded 2 times (x 67B)
Class kotlin.Function                                                                 : loaded 2 times (x 68B)
Class com.google.common.collect.Iterators                                             : loaded 2 times (x 69B)
Class org.jetbrains.plugins.gradle.tooling.serialization.BuildScriptClasspathModelSerializationService$ReadContext: loaded 2 times (x 70B)
Class com.google.common.base.CharMatcher$1                                            : loaded 2 times (x 111B)
Class com.google.common.base.CharMatcher$Ascii                                        : loaded 2 times (x 110B)
Class com.google.common.cache.LocalCache$ComputingValueReference                      : loaded 2 times (x 94B)
Class org.jetbrains.plugins.gradle.tooling.util.ObjectCollector$Processor             : loaded 2 times (x 68B)
Class org.gradle.util.GradleVersion                                                   : loaded 2 times (x 81B)
Class com.google.common.base.CharMatcher$And                                          : loaded 2 times (x 110B)
Class com.google.common.collect.IndexedImmutableSet                                   : loaded 2 times (x 148B)
Class com.google.common.base.ExtraObjectsMethodsForWeb                                : loaded 2 times (x 69B)
Class org.gradle.tooling.internal.adapter.ProtocolToModelAdapter$ViewKey              : loaded 2 times (x 70B)
Class com.google.common.collect.AbstractListMultimap                                  : loaded 2 times (x 170B)
Class com.google.common.base.CharMatcher$Any                                          : loaded 2 times (x 110B)
Class org.gradle.tooling.internal.adapter.TypeInspector                               : loaded 2 times (x 71B)
Class com.google.common.cache.LocalCache$Strength                                     : loaded 2 times (x 79B)
Class com.google.common.collect.AbstractMapBasedMultimap$KeySet                       : loaded 2 times (x 135B)
Class com.google.common.collect.ArrayListMultimapGwtSerializationDependencies         : loaded 2 times (x 170B)
Class kotlin.Unit                                                                     : loaded 2 times (x 69B)
Class com.google.common.base.CharMatcher$RangesMatcher                                : loaded 2 times (x 110B)
Class org.objectweb.asm.Handler                                                       : loaded 2 times (x 70B)
Class org.gradle.internal.impldep.gnu.trove.TObjectIntProcedure                       : loaded 2 times (x 68B)
Class org.gradle.tooling.internal.gradle.GradleProjectIdentity                        : loaded 2 times (x 68B)
Class com.google.common.collect.ImmutableList$SubList                                 : loaded 2 times (x 168B)
Class com.google.common.cache.LocalCache$ValueReference                               : loaded 2 times (x 68B)
Class org.gradle.tooling.internal.adapter.MethodInvocation                            : loaded 2 times (x 83B)
Class org.gradle.internal.time.CountdownTimer                                         : loaded 2 times (x 68B)
Class org.gradle.internal.time.Clock                                                  : loaded 2 times (x 68B)
Class org.gradle.internal.classloader.ClasspathUtil                                   : loaded 2 times (x 69B)
Class org.objectweb.asm.CurrentFrame                                                  : loaded 2 times (x 71B)
Class com.google.common.util.concurrent.AbstractFuture                                : loaded 2 times (x 93B)
Class org.jetbrains.kotlin.tooling.core.HasMutableExtras                              : loaded 2 times (x 68B)
Class org.gradle.tooling.model.BuildIdentifier                                        : loaded 2 times (x 68B)
Class com.google.common.base.Splitter$1                                               : loaded 2 times (x 75B)
Class com.google.common.base.Ticker$1                                                 : loaded 2 times (x 70B)
Class com.google.common.collect.Maps$BiMapConverter                                   : loaded 2 times (x 88B)
Class org.gradle.api.internal.DefaultClassPathRegistry                                : loaded 2 times (x 74B)
Class com.google.common.util.concurrent.AbstractFuture$Cancellation                   : loaded 2 times (x 70B)
Class [Lorg.objectweb.asm.Symbol;                                                     : loaded 2 times (x 67B)
Class com.google.common.collect.ImmutableSet$SetBuilderImpl                           : loaded 2 times (x 74B)
Class org.gradle.api.internal.classpath.DefaultModuleRegistry$DefaultModule           : loaded 2 times (x 84B)
Class com.google.common.base.CharMatcher$JavaIsoControl                               : loaded 2 times (x 110B)
Class com.google.common.collect.ImmutableMap$1                                        : loaded 2 times (x 79B)
Class org.gradle.tooling.model.build.GradleEnvironment                                : loaded 2 times (x 68B)
Class com.google.common.base.CharMatcher$Or                                           : loaded 2 times (x 110B)
Class org.jetbrains.plugins.gradle.tooling.serialization.ExternalTestsSerializationService$WriteContext: loaded 2 times (x 70B)
Class org.gradle.internal.time.TimeSource                                             : loaded 2 times (x 68B)
Class com.google.common.base.Suppliers$SupplierOfInstance                             : loaded 2 times (x 77B)
Class org.objectweb.asm.RecordComponentVisitor                                        : loaded 2 times (x 75B)
Class com.intellij.util.containers.IntObjectHashMap$ArrayProducer                     : loaded 2 times (x 68B)
Class com.google.common.collect.Iterables                                             : loaded 2 times (x 69B)
Class org.jetbrains.kotlin.android.synthetic.idea.AndroidExtensionsGradleModel        : loaded 2 times (x 68B)
Class [Lcom.intellij.openapi.externalSystem.model.project.dependencies.ResolutionState;: loaded 2 times (x 67B)
Class com.google.common.base.CharMatcher$JavaLowerCase                                : loaded 2 times (x 109B)
Class org.objectweb.asm.ClassTooLargeException                                        : loaded 2 times (x 81B)
Class com.intellij.openapi.externalSystem.model.project.dependencies.ResolutionState  : loaded 2 times (x 77B)
Class org.gradle.api.internal.classpath.UnknownModuleException                        : loaded 2 times (x 80B)
Class com.google.common.util.concurrent.AbstractFuture$Listener                       : loaded 2 times (x 70B)
Class org.objectweb.asm.Edge                                                          : loaded 2 times (x 70B)
Class com.android.ide.gradle.model.GradlePluginModel                                  : loaded 2 times (x 68B)
Class com.google.common.collect.Maps$EntryTransformer                                 : loaded 2 times (x 68B)
Class com.google.common.collect.ImmutableCollection$Builder                           : loaded 2 times (x 74B)
Class org.jetbrains.plugins.gradle.model.ProjectImportModelProvider                   : loaded 2 times (x 68B)
Class org.jetbrains.plugins.gradle.tooling.serialization.GradleExtensionsSerializationService: loaded 2 times (x 75B)
Class [Lorg.objectweb.asm.SymbolTable$Entry;                                          : loaded 2 times (x 67B)
Class com.google.common.collect.SingletonImmutableBiMap                               : loaded 2 times (x 141B)
Class com.google.common.base.CommonPattern                                            : loaded 2 times (x 72B)
Class com.google.common.base.Suppliers                                                : loaded 2 times (x 69B)
Class org.jetbrains.plugins.gradle.model.IntelliJProjectSettings                      : loaded 2 times (x 68B)
Class org.objectweb.asm.ClassVisitor                                                  : loaded 2 times (x 85B)
Class com.google.common.cache.LoadingCache                                            : loaded 2 times (x 68B)
Class org.gradle.internal.service.ServiceLookupException                              : loaded 2 times (x 80B)
Class org.gradle.cache.GlobalCache                                                    : loaded 2 times (x 68B)
Class org.jetbrains.kotlin.idea.gradleTooling.model.lombok.LombokModel                : loaded 2 times (x 68B)
Class org.gradle.tooling.model.ProjectIdentifier                                      : loaded 2 times (x 68B)
Class com.google.common.base.CharMatcher$NegatedFastMatcher                           : loaded 2 times (x 111B)
Class [Lorg.gradle.api.internal.ClassPathProvider;                                    : loaded 2 times (x 67B)
Class com.google.common.util.concurrent.AbstractFuture$SafeAtomicHelper               : loaded 2 times (x 77B)
Class org.gradle.internal.operations.MultipleBuildOperationFailures                   : loaded 2 times (x 85B)
Class org.gradle.util.internal.GUtil                                                  : loaded 2 times (x 69B)
Class org.gradle.tooling.model.internal.ImmutableDomainObjectSet                      : loaded 2 times (x 153B)
Class org.gradle.tooling.internal.adapter.MethodInvoker                               : loaded 2 times (x 68B)
Class org.jetbrains.plugins.gradle.model.AnnotationProcessingModel                    : loaded 2 times (x 68B)
Class com.google.common.math.IntMath                                                  : loaded 2 times (x 69B)
Class org.jetbrains.plugins.gradle.model.ExternalTask                                 : loaded 2 times (x 68B)
Class org.gradle.tooling.model.HierarchicalElement                                    : loaded 2 times (x 68B)
Class com.google.common.collect.AbstractIterator                                      : loaded 2 times (x 80B)
Class org.jetbrains.plugins.gradle.tooling.serialization.ExternalProjectSerializationService$ReadContext: loaded 2 times (x 72B)
Class org.gradle.internal.classloader.ClassLoaderSpec                                 : loaded 2 times (x 69B)
Class com.google.common.base.NullnessCasts                                            : loaded 2 times (x 69B)
Class org.objectweb.asm.Frame                                                         : loaded 2 times (x 71B)
Class com.google.common.cache.LocalCache$LocalManualCache                             : loaded 2 times (x 97B)
Class com.google.common.collect.AbstractMapEntry                                      : loaded 2 times (x 79B)
Class com.google.common.collect.ImmutableList$Builder                                 : loaded 2 times (x 75B)
Class com.google.common.base.CharMatcher$Negated                                      : loaded 2 times (x 111B)
Class com.google.common.cache.CacheLoader$1                                           : loaded 2 times (x 73B)
Class org.jetbrains.plugins.gradle.model.GradleExtension                              : loaded 2 times (x 68B)
Class org.gradle.tooling.internal.adapter.ProtocolToModelAdapter$AdaptingMethodInvoker: loaded 2 times (x 74B)
Class org.jetbrains.plugins.gradle.tooling.util.IntObjectMap                          : loaded 2 times (x 71B)
Class org.gradle.tooling.model.idea.IdeaModuleDependency                              : loaded 2 times (x 68B)
Class com.google.common.util.concurrent.AbstractFuture$TrustedFuture                  : loaded 2 times (x 95B)
Class org.jetbrains.plugins.gradle.tooling.serialization.RepositoriesModelSerializationService$ReadContext: loaded 2 times (x 70B)
Class org.jetbrains.plugins.gradle.model.BuildScriptClasspathModel                    : loaded 2 times (x 68B)
Class com.google.common.collect.Sets                                                  : loaded 2 times (x 69B)
Class com.google.common.collect.ImmutableSet$Builder                                  : loaded 2 times (x 83B)
Class com.google.common.base.CharMatcher$ForPredicate                                 : loaded 2 times (x 110B)
Class com.google.common.collect.ImmutableMap$MapViewOfValuesAsSingletonSets           : loaded 2 times (x 123B)
Class com.google.common.base.MoreObjects                                              : loaded 2 times (x 69B)
Class com.google.common.collect.SortedMapDifference                                   : loaded 2 times (x 68B)
Class org.objectweb.asm.SymbolTable                                                   : loaded 2 times (x 70B)
Class [Lorg.objectweb.asm.AnnotationVisitor;                                          : loaded 2 times (x 67B)
Class com.google.common.cache.CacheStats                                              : loaded 2 times (x 69B)
Class org.objectweb.asm.Attribute                                                     : loaded 2 times (x 75B)
Class org.gradle.internal.classloader.VisitableURLClassLoader                         : loaded 2 times (x 114B)
Class com.google.common.cache.LocalCache$LocalLoadingCache                            : loaded 2 times (x 132B)
Class com.google.common.base.Supplier                                                 : loaded 2 times (x 68B)
Class org.jetbrains.plugins.gradle.tooling.serialization.BuildScriptClasspathModelSerializationService: loaded 2 times (x 75B)
Class com.google.common.base.Objects                                                  : loaded 2 times (x 69B)
Class com.google.common.util.concurrent.AbstractFuture$AtomicHelper                   : loaded 2 times (x 76B)
Class com.google.common.collect.ImmutableBiMap                                        : loaded 2 times (x 141B)
Class org.gradle.internal.installation.GradleInstallation                             : loaded 2 times (x 73B)
Class org.jetbrains.plugins.gradle.model.GradleProperty                               : loaded 2 times (x 68B)
Class org.gradle.api.internal.ClassPathRegistry                                       : loaded 2 times (x 68B)
Class com.google.common.cache.LocalCache$EntryFactory                                 : loaded 2 times (x 81B)
Class com.google.common.util.concurrent.UncheckedExecutionException                   : loaded 2 times (x 80B)
Class com.google.common.collect.ImmutableSet                                          : loaded 2 times (x 143B)
Class org.gradle.internal.classloader.VisitableURLClassLoader$InstrumentingVisitableURLClassLoader: loaded 2 times (x 120B)
Class org.gradle.internal.classloader.ClassLoaderHierarchy                            : loaded 2 times (x 68B)
Class org.jetbrains.plugins.gradle.tooling.serialization.BuildScriptClasspathModelSerializationService$WriteContext: loaded 2 times (x 70B)
Class org.gradle.internal.exceptions.MultiCauseException                              : loaded 2 times (x 68B)
Class org.jetbrains.kotlin.idea.gradleTooling.model.parcelize.ParcelizeGradleModel    : loaded 2 times (x 68B)
Class [Lorg.objectweb.asm.Type;                                                       : loaded 2 times (x 67B)
Class com.google.common.base.AbstractIterator$State                                   : loaded 2 times (x 77B)
Class com.google.common.cache.Weigher                                                 : loaded 2 times (x 68B)
Class com.google.common.base.CharMatcher$NamedFastMatcher                             : loaded 2 times (x 110B)
Class org.gradle.internal.InternalTransformer                                         : loaded 2 times (x 68B)
Class org.jetbrains.kotlin.idea.gradleTooling.model.noarg.NoArgModel                  : loaded 2 times (x 68B)
Class org.jetbrains.kotlin.idea.gradleTooling.KotlinGradleModel                       : loaded 2 times (x 68B)
Class org.gradle.tooling.internal.gradle.DefaultBuildIdentifier                       : loaded 2 times (x 77B)
Class org.gradle.internal.service.ServiceLocator                                      : loaded 2 times (x 68B)
Class Settings_gradle$1                                                               : loaded 2 times (x 72B)
Class org.jetbrains.plugins.gradle.model.ExternalDependency                           : loaded 2 times (x 68B)
Class com.google.common.util.concurrent.SettableFuture                                : loaded 2 times (x 95B)
Class org.gradle.internal.impldep.gnu.trove.TObjectHashingStrategy                    : loaded 2 times (x 68B)
Class org.gradle.tooling.internal.adapter.ProtocolToModelAdapter$MethodInvocationCache: loaded 2 times (x 71B)
Class com.google.common.collect.ImmutableMapEntry                                     : loaded 2 times (x 83B)
Class org.jetbrains.kotlin.idea.gradleTooling.model.allopen.AllOpenModel              : loaded 2 times (x 68B)
Class org.jetbrains.plugins.gradle.model.AnnotationProcessingConfig                   : loaded 2 times (x 68B)
Class org.jetbrains.plugins.gradle.tooling.serialization.ExternalTestsSerializationService: loaded 2 times (x 75B)
Class com.google.common.base.CharMatcher$Invisible                                    : loaded 2 times (x 110B)
Class com.google.common.base.Joiner$1                                                 : loaded 2 times (x 78B)
Class org.jetbrains.plugins.gradle.tooling.serialization.ProjectDependenciesSerializationService$WriteContext: loaded 2 times (x 70B)
Class com.google.common.base.Joiner$2                                                 : loaded 2 times (x 77B)
Class com.google.common.base.CharMatcher$FastMatcher                                  : loaded 2 times (x 109B)
Class org.gradle.internal.classpath.DefaultClassPath$ImmutableUniqueList              : loaded 2 times (x 159B)
Class org.gradle.internal.time.DefaultTimer                                           : loaded 2 times (x 78B)
Class com.google.common.base.CharMatcher$JavaLetter                                   : loaded 2 times (x 109B)
Class com.intellij.util.ThrowableConsumer                                             : loaded 2 times (x 68B)
Class org.gradle.internal.classpath.TransformedClassPath                              : loaded 2 times (x 94B)
Class com.google.common.collect.MapDifference                                         : loaded 2 times (x 68B)
Class org.jetbrains.plugins.gradle.tooling.serialization.ExternalProjectSerializationService$WriteContext: loaded 2 times (x 72B)
Class org.jetbrains.kotlin.tooling.core.HasExtras                                     : loaded 2 times (x 68B)
Class com.google.common.collect.Sets$1                                                : loaded 2 times (x 137B)
Class com.google.common.collect.Sets$2                                                : loaded 2 times (x 137B)
Class com.google.common.util.concurrent.AbstractFuture$Trusted                        : loaded 2 times (x 68B)
Class org.gradle.tooling.internal.adapter.ProtocolToModelAdapter$InvocationHandlerImpl: loaded 2 times (x 75B)
Class com.google.common.collect.Sets$3                                                : loaded 2 times (x 137B)
Class com.google.common.collect.Sets$4                                                : loaded 2 times (x 137B)
Class org.jetbrains.plugins.gradle.tooling.serialization.AnnotationProcessingModelSerializationService$WriteContext: loaded 2 times (x 70B)
Class Settings_gradle                                                                 : loaded 2 times (x 126B)
Class org.jetbrains.plugins.gradle.tooling.serialization.internal.IdeaProjectSerializationService$ReadContext: loaded 2 times (x 70B)
Class org.objectweb.asm.MethodWriter                                                  : loaded 2 times (x 103B)
Class org.gradle.tooling.internal.adapter.ProtocolToModelAdapter$ViewDecoration       : loaded 2 times (x 68B)
Class com.google.common.collect.Platform                                              : loaded 2 times (x 69B)
Class com.google.common.collect.ImmutableAsList                                       : loaded 2 times (x 169B)
Class com.google.common.util.concurrent.ExecutionError                                : loaded 2 times (x 80B)
Class com.google.common.base.Equivalence$Identity                                     : loaded 2 times (x 80B)
Class com.google.common.base.CharMatcher$AnyOf                                        : loaded 2 times (x 110B)
Class com.google.common.base.CharMatcher$IsEither                                     : loaded 2 times (x 109B)
Class com.google.common.cache.LocalCache                                              : loaded 2 times (x 185B)
Class com.google.common.collect.RegularImmutableList                                  : loaded 2 times (x 172B)
Class com.google.common.util.concurrent.AbstractFuture$UnsafeAtomicHelper$1           : loaded 2 times (x 74B)
Class org.gradle.internal.impldep.gnu.trove.TObjectCanonicalHashingStrategy           : loaded 2 times (x 78B)
Class com.google.common.base.CharMatcher$JavaUpperCase                                : loaded 2 times (x 109B)
Class org.jetbrains.plugins.gradle.tooling.util.IntObjectMap$ObjectFactory            : loaded 2 times (x 68B)
Class com.google.common.collect.Multiset                                              : loaded 2 times (x 68B)
Class com.google.common.collect.ImmutableSet$CachingAsList                            : loaded 2 times (x 145B)
Class org.jetbrains.plugins.gradle.tooling.util.IntObjectMap$1                        : loaded 2 times (x 75B)
Class org.gradle.tooling.internal.adapter.ProtocolToModelAdapter$ViewGraphDetails     : loaded 2 times (x 70B)
Class org.objectweb.asm.MethodVisitor                                                 : loaded 2 times (x 102B)
Class com.google.common.collect.AbstractMapBasedMultimap$KeySet$1                     : loaded 2 times (x 80B)
Class com.google.common.collect.ImmutableMapEntry$NonTerminalImmutableMapEntry        : loaded 2 times (x 83B)
Class com.google.common.collect.AbstractMapBasedMultimap                              : loaded 2 times (x 137B)
Class org.gradle.internal.impldep.gnu.trove.Equality                                  : loaded 2 times (x 68B)


---------------  S Y S T E M  ---------------

OS:
 Windows 11 , 64 bit Build 22621 (10.0.22621.2506)
OS uptime: 0 days 2:04 hours

CPU: total 8 (initial active 8) (4 cores per cpu, 2 threads per core) family 6 model 140 stepping 1 microcode 0x9a, cx8, cmov, fxsr, ht, mmx, 3dnowpref, sse, sse2, sse3, ssse3, sse4.1, sse4.2, popcnt, lzcnt, tsc, tscinvbit, avx, avx2, aes, erms, clmul, bmi1, bmi2, adx, avx512f, avx512dq, avx512cd, avx512bw, avx512vl, sha, fma, vzeroupper, avx512_vpopcntdq, avx512_vpclmulqdq, avx512_vaes, avx512_vnni, clflush, clflushopt, clwb, avx512_vbmi2, avx512_vbmi

Memory: 4k page, system-wide physical 7834M (398M free)
TotalPageFile size 9557M (AvailPageFile size 82M)
current process WorkingSet (physical memory assigned to process): 487M, peak: 522M
current process commit charge ("private bytes"): 578M, peak: 727M

vm_info: OpenJDK 64-Bit Server VM (17.0.7+0-b2043.56-10550314) for windows-amd64 JRE (17.0.7+0-b2043.56-10550314), built on Jul 24 2023 18:27:45 by "androidbuild" with MS VC++ 16.10 / 16.11 (VS2019)

END.
